bearing,kind,support,deck,line,size,R_G1,R_conversion,R_G2,R_continuity,R_G,R_Q_max,R_Q_min,mu,Rck,R_ud_min,Ae_m2,sigma_MPa,utilisation,size_required_m
B-L01-1a,伸缩端,A00,L,1,φ450×77,395.3,0.3,216.4,0.0,612.0,513.4,-60.6,0.1972,1226.7,510.5,0.1521,8.07,0.807,0.405
B-L01-2a,伸缩端,A00,L,2,φ450×77,397.4,0.2,216.5,0.0,614.1,435.1,-30.5,0.1963,1134.6,562.9,0.1521,7.46,0.746,0.390
B-L01-3a,伸缩端,A00,L,3,φ450×77,397.4,0.5,216.7,0.0,614.6,419.6,-23.3,0.1972,1117.0,575.5,0.1521,7.35,0.735,0.387
B-L01-4a,伸缩端,A00,L,4,φ450×77,395.1,0.3,216.2,0.0,611.6,434.4,-30.5,0.1980,1132.1,560.4,0.1521,7.45,0.745,0.390
B-L01-5a,伸缩端,A00,L,5,φ450×77,387.5,0.3,216.5,0.0,604.3,512.0,-60.3,0.2019,1219.6,502.7,0.1521,8.02,0.802,0.404
B-L04-1b,伸缩端,P04,L,1,φ450×77,399.5,0.1,214.8,0.0,614.4,513.3,-60.6,0.1972,1228.9,512.8,0.1521,8.08,0.808,0.406
B-L04-2b,伸缩端,P04,L,2,φ450×77,395.7,0.9,214.7,0.0,611.2,434.8,-30.7,0.1963,1131.4,559.8,0.1521,7.44,0.744,0.390
B-L04-3b,伸缩端,P04,L,3,φ450×77,395.7,-0.7,214.7,0.0,609.8,419.2,-23.5,0.1972,1111.7,570.3,0.1521,7.31,0.731,0.386
B-L04-4b,伸缩端,P04,L,4,φ450×77,393.1,0.6,214.6,0.0,608.3,433.9,-30.7,0.1980,1128.1,556.9,0.1521,7.42,0.742,0.389
B-L04-5b,伸缩端,P04,L,5,φ450×77,381.4,0.2,215.0,0.0,596.6,511.0,-59.8,0.2019,1210.8,496.1,0.1521,7.96,0.796,0.403
B-L05-1a,伸缩端,P04,L,1,φ450×77,399.5,0.1,214.9,0.0,614.4,513.2,-60.6,0.1973,1228.9,512.9,0.1521,8.08,0.808,0.406
B-L05-2a,伸缩端,P04,L,2,φ450×77,395.7,0.8,214.7,0.0,611.2,434.6,-30.6,0.1969,1131.4,559.9,0.1521,7.44,0.744,0.390
B-L05-3a,伸缩端,P04,L,3,φ450×77,395.7,-0.4,214.8,0.0,610.2,419.0,-23.5,0.1980,1112.2,570.8,0.1521,7.31,0.731,0.386
B-L05-4a,伸缩端,P04,L,4,φ450×77,393.1,0.5,214.7,0.0,608.3,433.5,-30.6,0.1991,1128.2,557.0,0.1521,7.42,0.742,0.389
B-L05-5a,伸缩端,P04,L,5,φ450×77,381.4,0.2,215.1,0.0,596.7,510.6,-59.7,0.2036,1211.2,496.1,0.1521,7.97,0.797,0.403
B-L08-1b,伸缩端,P08,L,1,φ450×77,399.4,0.1,214.9,0.0,614.5,513.2,-60.6,0.1973,1228.9,512.9,0.1521,8.08,0.808,0.406
B-L08-2b,伸缩端,P08,L,2,φ450×77,395.6,0.8,214.8,0.0,611.2,434.6,-30.6,0.1969,1131.4,559.9,0.1521,7.44,0.744,0.390
B-L08-3b,伸缩端,P08,L,3,φ450×77,395.7,-0.4,214.9,0.0,610.2,419.0,-23.5,0.1980,1112.2,570.8,0.1521,7.31,0.731,0.386
B-L08-4b,伸缩端,P08,L,4,φ450×77,393.1,0.5,214.7,0.0,608.3,433.5,-30.6,0.1991,1128.2,557.0,0.1521,7.42,0.742,0.389
B-L08-5b,伸缩端,P08,L,5,φ450×77,381.4,0.2,215.1,0.0,596.7,510.6,-59.7,0.2036,1211.2,496.1,0.1521,7.97,0.797,0.403
B-L09-1a,伸缩端,P08,L,1,φ450×77,399.4,0.0,214.9,0.0,614.4,513.3,-60.6,0.1972,1228.9,512.8,0.1521,8.08,0.808,0.406
B-L09-2a,伸缩端,P08,L,2,φ450×77,395.6,0.8,214.8,0.0,611.2,434.8,-30.7,0.1961,1131.3,559.7,0.1521,7.44,0.744,0.390
B-L09-3a,伸缩端,P08,L,3,φ450×77,395.7,-0.7,214.8,0.0,609.7,419.3,-23.6,0.1969,1111.6,570.2,0.1521,7.31,0.731,0.386
B-L09-4a,伸缩端,P08,L,4,φ450×77,393.1,0.5,214.7,0.0,608.3,434.0,-30.8,0.1976,1128.0,556.8,0.1521,7.42,0.742,0.389
B-L09-5a,伸缩端,P08,L,5,φ450×77,381.4,0.1,215.0,0.0,596.5,511.2,-59.8,0.2014,1210.6,495.9,0.1521,7.96,0.796,0.403
B-L12-1b,伸缩端,A12,L,1,φ450×77,395.1,0.3,215.9,0.0,611.4,513.5,-60.6,0.1972,1226.1,509.9,0.1521,8.06,0.806,0.405
B-L12-2b,伸缩端,A12,L,2,φ450×77,398.3,0.2,216.0,0.0,614.5,435.2,-30.6,0.1961,1135.1,563.4,0.1521,7.46,0.746,0.390
B-L12-3b,伸缩端,A12,L,3,φ450×77,398.4,0.6,216.2,0.0,615.1,419.8,-23.4,0.1969,1117.5,575.9,0.1521,7.35,0.735,0.387
B-L12-4b,伸缩端,A12,L,4,φ450×77,398.4,-0.7,216.0,0.0,613.6,434.7,-30.4,0.1976,1134.2,562.7,0.1521,7.46,0.746,0.390
B-L12-5b,伸缩端,A12,L,5,φ450×77,388.6,0.4,215.8,0.0,604.9,512.2,-60.3,0.2014,1220.3,503.4,0.1521,8.03,0.803,0.404
B-P01-L1,连续墩,P01,L,1,500×600×99,0.0,787.8,621.8,98.9,1508.5,720.7,-110.5,0.1972,2371.3,1323.4,0.2891,8.20,0.820,0.412
B-P01-L2,连续墩,P01,L,2,500×600×99,0.0,791.2,621.8,101.1,1514.1,589.5,-48.1,0.1963,2219.3,1433.6,0.2891,7.68,0.768,0.386
B-P01-L3,连续墩,P01,L,3,500×600×99,0.0,789.1,621.3,93.7,1504.0,544.1,-36.8,0.1972,2155.4,1442.3,0.2891,7.46,0.746,0.375
B-P01-L4,连续墩,P01,L,4,500×600×99,0.0,785.7,622.5,121.0,1529.2,588.5,-48.1,0.1980,2234.3,1448.5,0.2891,7.73,0.773,0.389
B-P01-L5,连续墩,P01,L,5,500×600×99,0.0,767.7,622.1,102.3,1492.1,717.4,-110.0,0.2019,2354.4,1307.0,0.2891,8.14,0.814,0.409
B-P01-R1,连续墩,P01,R,1,500×600×99,0.0,795.8,629.9,97.0,1522.7,725.7,-111.0,0.1917,2387.5,1337.4,0.2891,8.26,0.826,0.415
B-P01-R2,连续墩,P01,R,2,500×600×99,0.0,793.7,630.4,117.7,1541.8,593.7,-49.4,0.1910,2248.8,1459.5,0.2891,7.78,0.778,0.391
B-P01-R3,连续墩,P01,R,3,500×600×99,0.0,794.2,630.3,108.8,1533.3,547.8,-37.6,0.1918,2186.1,1470.6,0.2891,7.56,0.756,0.381
B-P01-R4,连续墩,P01,R,4,500×600×99,0.0,794.0,630.0,99.9,1524.0,591.9,-48.6,0.1927,2230.0,1442.8,0.2891,7.71,0.771,0.388
B-P01-R5,连续墩,P01,R,5,500×600×99,0.0,773.5,629.9,96.9,1500.4,722.1,-110.6,0.1965,2364.4,1315.1,0.2891,8.18,0.818,0.411
B-P02-L1,连续墩,P02,L,1,500×600×99,0.0,786.4,506.3,95.0,1387.7,700.1,-115.1,0.1972,2225.9,1194.7,0.2891,7.70,0.770,0.387
B-P02-L2,连续墩,P02,L,2,500×600×99,0.0,784.5,506.0,97.1,1387.6,574.1,-83.6,0.1963,2074.5,1247.6,0.2891,7.18,0.718,0.362
B-P02-L3,连续墩,P02,L,3,500×600×99,0.0,783.2,506.5,104.8,1394.5,532.2,-64.6,0.1972,2031.6,1286.3,0.2891,7.03,0.703,0.354
B-P02-L4,连续墩,P02,L,4,500×600×99,0.0,777.7,505.6,112.5,1395.7,572.7,-84.2,0.1980,2081.8,1254.5,0.2891,7.20,0.720,0.363
B-P02-L5,连续墩,P02,L,5,500×600×99,0.0,756.9,506.1,92.7,1355.8,695.8,-114.9,0.2019,2192.1,1162.4,0.2891,7.58,0.758,0.382
B-P02-R1,连续墩,P02,R,1,500×600×99,0.0,798.2,516.7,96.5,1411.4,706.6,-116.0,0.1917,2253.5,1218.0,0.2891,7.79,0.779,0.392
B-P02-R2,连续墩,P02,R,2,500×600×99,0.0,792.8,516.5,115.9,1425.1,579.4,-84.6,0.1910,2115.2,1284.1,0.2891,7.32,0.732,0.369
B-P02-R3,连续墩,P02,R,3,500×600×99,0.0,791.1,516.2,106.2,1413.5,536.4,-65.3,0.1918,2052.7,1304.5,0.2891,7.10,0.710,0.358
B-P02-R4,连续墩,P02,R,4,500×600×99,0.0,791.6,516.6,97.9,1406.1,577.4,-83.7,0.1927,2094.7,1266.3,0.2891,7.25,0.725,0.365
B-P02-R5,连续墩,P02,R,5,500×600×99,0.0,765.9,516.7,110.3,1392.9,702.4,-115.8,0.1965,2233.4,1199.0,0.2891,7.73,0.773,0.389
B-P03-L1,连续墩,P03,L,1,500×600×99,0.0,793.6,617.8,91.7,1503.0,720.1,-110.4,0.1972,2365.1,1318.0,0.2891,8.18,0.818,0.411
B-P03-L2,连续墩,P03,L,2,500×600×99,0.0,789.2,618.1,105.2,1512.5,588.9,-48.4,0.1963,2217.0,1431.4,0.2891,7.67,0.767,0.386
B-P03-L3,连续墩,P03,L,3,500×600×99,0.0,786.2,617.9,105.9,1509.9,543.5,-37.3,0.1972,2160.5,1447.3,0.2891,7.47,0.747,0.376
B-P03-L4,连续墩,P03,L,4,500×600×99,0.0,782.6,618.2,110.9,1511.7,587.0,-48.7,0.1980,2214.9,1430.0,0.2891,7.66,0.766,0.385
B-P03-L5,连续墩,P03,L,5,500×600×99,0.0,758.6,617.4,84.3,1460.3,714.8,-109.3,0.2019,2319.4,1276.4,0.2891,8.02,0.802,0.403
B-P03-R1,连续墩,P03,R,1,500×600×99,0.0,807.9,630.8,94.6,1533.3,727.9,-110.8,0.1917,2400.7,1348.5,0.2891,8.30,0.830,0.417
B-P03-R2,连续墩,P03,R,2,500×600×99,0.0,801.2,630.9,107.2,1539.3,594.8,-48.6,0.1910,2247.7,1458.3,0.2891,7.77,0.777,0.391
B-P03-R3,连续墩,P03,R,3,500×600×99,0.0,799.1,631.3,112.3,1542.7,548.6,-37.3,0.1918,2196.5,1480.5,0.2891,7.60,0.760,0.382
B-P03-R4,连续墩,P03,R,4,500×600×99,0.0,798.5,630.6,96.8,1525.9,592.5,-48.3,0.1927,2232.6,1445.3,0.2891,7.72,0.772,0.388
B-P03-R5,连续墩,P03,R,5,500×600×99,0.0,768.9,630.8,103.1,1502.8,722.7,-110.8,0.1965,2367.5,1317.2,0.2891,8.19,0.819,0.411
B-P05-L1,连续墩,P05,L,1,500×600×99,0.0,794.1,617.4,91.1,1502.6,720.0,-110.4,0.1973,2364.6,1317.6,0.2891,8.18,0.818,0.411
B-P05-L2,连续墩,P05,L,2,500×600×99,0.0,790.0,617.9,104.2,1512.1,588.6,-48.2,0.1969,2216.6,1431.4,0.2891,7.67,0.767,0.386
B-P05-L3,连续墩,P05,L,3,500×600×99,0.0,785.1,617.4,104.5,1507.0,543.1,-37.2,0.1980,2157.6,1444.5,0.2891,7.46,0.746,0.376
B-P05-L4,连续墩,P05,L,4,500×600×99,0.0,783.6,617.9,109.1,1510.6,586.5,-48.2,0.1991,2213.9,1429.6,0.2891,7.66,0.766,0.385
B-P05-L5,连续墩,P05,L,5,500×600×99,0.0,759.1,617.1,82.4,1458.6,714.0,-109.2,0.2036,2317.9,1274.6,0.2891,8.02,0.802,0.403
B-P05-R1,连续墩,P05,R,1,500×600×99,0.0,810.0,630.3,96.1,1536.4,728.4,-110.8,0.1903,2403.4,1351.8,0.2891,8.31,0.831,0.417
B-P05-R2,连续墩,P05,R,2,500×600×99,0.0,801.1,629.9,108.6,1539.6,595.1,-49.1,0.1899,2247.6,1457.7,0.2891,7.77,0.777,0.391
B-P05-R3,连续墩,P05,R,3,500×600×99,0.0,799.6,630.5,113.2,1543.3,548.8,-37.5,0.1910,2196.9,1480.7,0.2891,7.60,0.760,0.382
B-P05-R4,连续墩,P05,R,4,500×600×99,0.0,798.9,629.8,97.4,1526.1,592.6,-48.5,0.1921,2232.6,1445.1,0.2891,7.72,0.772,0.388
B-P05-R5,连续墩,P05,R,5,500×600×99,0.0,769.0,630.1,103.3,1502.4,722.7,-110.8,0.1965,2367.2,1316.8,0.2891,8.19,0.819,0.411
B-P06-L1,连续墩,P06,L,1,500×600×99,0.0,789.7,505.0,92.5,1387.2,699.9,-114.7,0.1973,2225.1,1195.0,0.2891,7.70,0.770,0.387
B-P06-L2,连续墩,P06,L,2,500×600×99,0.0,784.2,504.3,93.2,1381.7,573.6,-83.3,0.1969,2068.2,1242.1,0.2891,7.15,0.715,0.361
B-P06-L3,连续墩,P06,L,3,500×600×99,0.0,781.6,505.1,114.5,1401.2,531.7,-64.6,0.1980,2038.2,1292.9,0.2891,7.05,0.705,0.355
B-P06-L4,连续墩,P06,L,4,500×600×99,0.0,777.9,504.3,103.5,1385.7,571.6,-83.3,0.1991,2071.2,1245.9,0.2891,7.16,0.716,0.361
B-P06-L5,连续墩,P06,L,5,500×600×99,0.0,755.0,505.1,81.5,1341.7,694.2,-113.1,0.2036,2177.2,1151.1,0.2891,7.53,0.753,0.379
B-P06-R1,连续墩,P06,R,1,500×600×99,0.0,804.4,514.7,89.4,1408.5,707.5,-116.1,0.1903,2250.6,1215.0,0.2891,7.78,0.778,0.391
B-P06-R2,连续墩,P06,R,2,500×600×99,0.0,797.8,515.4,123.9,1437.0,580.3,-84.8,0.1899,2127.5,1295.7,0.2891,7.36,0.736,0.371
B-P06-R3,连续墩,P06,R,3,500×600×99,0.0,794.1,514.6,113.0,1421.7,536.9,-65.5,0.1910,2061.1,1312.4,0.2891,7.13,0.713,0.359
B-P06-R4,连续墩,P06,R,4,500×600×99,0.0,795.1,515.3,102.2,1412.6,577.8,-83.8,0.1921,2101.4,1272.7,0.2891,7.27,0.727,0.366
B-P06-R5,连续墩,P06,R,5,500×600×99,0.0,764.3,515.0,112.1,1391.4,702.6,-115.9,0.1965,2232.1,1197.2,0.2891,7.72,0.772,0.388
B-P07-L1,连续墩,P07,L,1,500×600×99,0.0,794.1,617.4,91.1,1502.6,720.0,-110.4,0.1973,2364.6,1317.6,0.2891,8.18,0.818,0.411
B-P07-L2,连续墩,P07,L,2,500×600×99,0.0,790.0,617.9,104.2,1512.1,588.6,-48.2,0.1969,2216.6,1431.4,0.2891,7.67,0.767,0.386
B-P07-L3,连续墩,P07,L,3,500×600×99,0.0,785.0,617.4,104.5,1506.9,543.1,-37.2,0.1980,2157.6,1444.5,0.2891,7.46,0.746,0.376
B-P07-L4,连续墩,P07,L,4,500×600×99,0.0,783.5,618.0,109.1,1510.6,586.5,-48.2,0.1991,2213.8,1429.6,0.2891,7.66,0.766,0.385
B-P07-L5,连续墩,P07,L,5,500×600×99,0.0,759.0,617.2,82.4,1458.6,714.0,-109.2,0.2036,2317.9,1274.6,0.2891,8.02,0.802,0.403
B-P07-R1,连续墩,P07,R,1,500×600×99,0.0,810.0,630.3,96.1,1536.4,728.4,-110.8,0.1903,2403.4,1351.8,0.2891,8.31,0.831,0.417
B-P07-R2,连续墩,P07,R,2,500×600×99,0.0,801.0,630.0,108.5,1539.5,595.1,-49.1,0.1899,2247.6,1457.7,0.2891,7.77,0.777,0.391
B-P07-R3,连续墩,P07,R,3,500×600×99,0.0,799.5,630.5,113.2,1543.2,548.8,-37.5,0.1910,2196.8,1480.7,0.2891,7.60,0.760,0.382
B-P07-R4,连续墩,P07,R,4,500×600×99,0.0,798.9,629.8,97.4,1526.1,592.6,-48.5,0.1921,2232.6,1445.1,0.2891,7.72,0.772,0.388
B-P07-R5,连续墩,P07,R,5,500×600×99,0.0,769.0,630.2,103.2,1502.4,722.7,-110.8,0.1965,2367.2,1316.8,0.2891,8.19,0.819,0.411
B-P09-L1,连续墩,P09,L,1,500×600×99,0.0,793.4,617.4,92.0,1502.8,720.2,-110.4,0.1972,2364.9,1317.7,0.2891,8.18,0.818,0.411
B-P09-L2,连续墩,P09,L,2,500×600×99,0.0,789.9,617.7,106.0,1513.6,589.0,-48.5,0.1961,2218.1,1432.4,0.2891,7.67,0.767,0.386
B-P09-L3,连续墩,P09,L,3,500×600×99,0.0,786.8,617.5,107.3,1511.6,543.6,-37.4,0.1969,2162.2,1448.9,0.2891,7.48,0.748,0.376
B-P09-L4,连续墩,P09,L,4,500×600×99,0.0,782.8,617.6,112.8,1513.2,587.2,-48.9,0.1976,2216.5,1431.1,0.2891,7.67,0.767,0.386
B-P09-L5,连续墩,P09,L,5,500×600×99,0.0,759.4,617.0,86.4,1462.9,715.2,-109.4,0.2014,2322.1,1278.9,0.2891,8.03,0.803,0.404
B-P09-R1,连续墩,P09,R,1,500×600×99,0.0,808.8,628.7,92.4,1529.9,727.6,-110.7,0.1922,2397.3,1345.1,0.2891,8.29,0.829,0.416
B-P09-R2,连续墩,P09,R,2,500×600×99,0.0,803.6,628.6,105.2,1537.4,594.6,-48.5,0.1912,2245.7,1456.5,0.2891,7.77,0.777,0.391
B-P09-R3,连续墩,P09,R,3,500×600×99,0.0,801.5,629.0,110.8,1541.2,548.5,-37.2,0.1920,2195.0,1479.1,0.2891,7.59,0.759,0.382
B-P09-R4,连续墩,P09,R,4,500×600×99,0.0,800.8,628.3,95.8,1524.9,592.4,-48.2,0.1928,2231.6,1444.4,0.2891,7.72,0.772,0.388
B-P09-R5,连续墩,P09,R,5,500×600×99,0.0,770.6,628.5,102.6,1501.7,722.6,-110.8,0.1966,2366.4,1316.1,0.2891,8.19,0.819,0.411
B-P10-L1,连续墩,P10,L,1,500×600×99,0.0,786.1,505.1,95.8,1387.1,700.3,-115.2,0.1972,2225.4,1194.0,0.2891,7.70,0.770,0.387
B-P10-L2,连续墩,P10,L,2,500×600×99,0.0,786.2,504.8,99.1,1390.2,574.3,-83.7,0.1961,2077.1,1250.0,0.2891,7.18,0.718,0.362
B-P10-L3,连续墩,P10,L,3,500×600×99,0.0,784.9,505.3,108.0,1398.2,532.4,-64.7,0.1969,2035.4,1289.7,0.2891,7.04,0.704,0.355
B-P10-L4,连续墩,P10,L,4,500×600×99,0.0,781.4,505.0,116.7,1403.1,573.1,-84.0,0.1976,2089.5,1262.3,0.2891,7.23,0.723,0.364
B-P10-L5,连续墩,P10,L,5,500×600×99,0.0,758.8,505.0,97.4,1361.2,696.4,-115.2,0.2014,2198.0,1167.4,0.2891,7.60,0.760,0.383
B-P10-R1,连续墩,P10,R,1,500×600×99,0.0,797.7,510.5,91.7,1399.9,705.9,-116.0,0.1922,2241.5,1206.3,0.2891,7.75,0.775,0.390
B-P10-R2,连续墩,P10,R,2,500×600×99,0.0,798.3,510.9,111.5,1420.6,579.0,-84.5,0.1912,2110.4,1279.7,0.2891,7.30,0.730,0.368
B-P10-R3,连续墩,P10,R,3,500×600×99,0.0,796.5,510.6,103.0,1410.1,536.2,-65.3,0.1920,2049.2,1301.2,0.2891,7.09,0.709,0.357
B-P10-R4,连续墩,P10,R,4,500×600×99,0.0,797.0,511.0,95.8,1403.8,577.2,-83.7,0.1928,2092.3,1264.1,0.2891,7.24,0.724,0.365
B-P10-R5,连续墩,P10,R,5,500×600×99,0.0,769.8,511.1,109.4,1390.2,702.3,-115.8,0.1966,2230.6,1196.2,0.2891,7.72,0.772,0.388
B-P11-L1,连续墩,P11,L,1,500×600×99,0.0,787.5,620.4,100.2,1508.1,720.8,-110.5,0.1972,2371.1,1322.9,0.2891,8.20,0.820,0.412
B-P11-L2,连续墩,P11,L,2,500×600×99,0.0,793.2,620.5,104.2,1517.9,589.7,-48.1,0.1961,2223.2,1437.3,0.2891,7.69,0.769,0.387
B-P11-L3,连续墩,P11,L,3,500×600×99,0.0,791.1,620.0,97.2,1508.4,544.4,-36.9,0.1969,2160.0,1446.5,0.2891,7.47,0.747,0.376
B-P11-L4,连续墩,P11,L,4,500×600×99,0.0,789.0,620.4,107.7,1517.2,588.6,-48.1,0.1976,2222.1,1436.5,0.2891,7.69,0.769,0.387
B-P11-L5,连续墩,P11,L,5,500×600×99,0.0,770.0,620.9,108.5,1499.4,718.2,-110.1,0.2014,2362.3,1314.2,0.2891,8.17,0.817,0.410
B-P11-R1,连续墩,P11,R,1,500×600×99,0.0,795.7,623.8,107.0,1526.4,725.4,-111.1,0.1922,2391.2,1341.0,0.2891,8.27,0.827,0.415
B-P11-R2,连续墩,P11,R,2,500×600×99,0.0,799.5,623.5,111.7,1534.7,593.2,-49.3,0.1912,2241.3,1452.5,0.2891,7.75,0.775,0.390
B-P11-R3,连续墩,P11,R,3,500×600×99,0.0,800.1,623.4,103.4,1526.9,547.5,-37.5,0.1920,2179.5,1464.3,0.2891,7.54,0.754,0.379
B-P11-R4,连续墩,P11,R,4,500×600×99,0.0,800.0,623.2,96.4,1519.5,591.7,-48.6,0.1928,2225.3,1438.3,0.2891,7.70,0.770,0.387
B-P11-R5,连续墩,P11,R,5,500×600×99,0.0,777.6,623.2,95.3,1496.0,722.0,-110.5,0.1966,2360.0,1310.9,0.2891,8.16,0.816,0.410
B-R01-1a,伸缩端,A00,R,1,φ450×77,398.9,-0.6,218.8,0.0,617.1,515.9,-60.9,0.1917,1231.9,515.5,0.1521,8.10,0.810,0.406
B-R01-2a,伸缩端,A00,R,2,φ450×77,398.1,0.8,218.6,0.0,617.5,437.0,-31.1,0.1910,1137.9,565.6,0.1521,7.48,0.748,0.391
B-R01-3a,伸缩端,A00,R,3,φ450×77,398.1,0.6,218.7,0.0,617.5,421.3,-23.8,0.1918,1119.6,577.8,0.1521,7.36,0.736,0.388
B-R01-4a,伸缩端,A00,R,4,φ450×77,398.2,0.5,218.9,0.0,617.6,436.3,-30.8,0.1927,1138.0,566.2,0.1521,7.48,0.748,0.391
B-R01-5a,伸缩端,A00,R,5,φ450×77,391.2,-0.4,218.9,0.0,609.7,514.1,-60.7,0.1965,1224.9,508.1,0.1521,8.06,0.806,0.405
B-R04-1b,伸缩端,P04,R,1,φ450×77,406.4,1.0,219.1,0.0,626.5,516.9,-60.4,0.1917,1242.5,525.7,0.1521,8.17,0.817,0.408
B-R04-2b,伸缩端,P04,R,2,φ450×77,404.3,-0.7,219.0,0.0,622.6,437.6,-30.8,0.1910,1143.8,571.3,0.1521,7.52,0.752,0.392
B-R04-3b,伸缩端,P04,R,3,φ450×77,401.8,0.3,218.9,0.0,620.9,421.7,-23.7,0.1918,1123.5,581.3,0.1521,7.39,0.739,0.388
B-R04-4b,伸缩端,P04,R,4,φ450×77,401.8,-0.1,219.2,0.0,620.9,436.6,-30.7,0.1927,1141.6,569.7,0.1521,7.51,0.751,0.391
B-R04-5b,伸缩端,P04,R,5,φ450×77,388.0,-0.2,219.0,0.0,606.8,514.3,-60.7,0.1965,1222.1,505.1,0.1521,8.04,0.804,0.404
B-R05-1a,伸缩端,P04,R,1,φ450×77,406.4,0.6,219.1,0.0,626.1,517.0,-60.4,0.1903,1241.5,525.5,0.1521,8.17,0.817,0.408
B-R05-2a,伸缩端,P04,R,2,φ450×77,404.3,-0.6,219.1,0.0,622.8,437.7,-30.9,0.1899,1143.7,571.4,0.1521,7.52,0.752,0.392
B-R05-3a,伸缩端,P04,R,3,φ450×77,401.8,0.3,218.9,0.0,621.0,421.8,-23.8,0.1910,1123.3,581.4,0.1521,7.39,0.739,0.388
B-R05-4a,伸缩端,P04,R,4,φ450×77,401.8,-0.0,219.3,0.0,621.0,436.7,-30.7,0.1921,1141.5,569.8,0.1521,7.51,0.751,0.391
B-R05-5a,伸缩端,P04,R,5,φ450×77,388.0,-0.2,219.0,0.0,606.8,514.3,-60.7,0.1965,1222.2,505.1,0.1521,8.04,0.804,0.404
B-R08-1b,伸缩端,P08,R,1,φ450×77,406.4,0.6,219.1,0.0,626.2,517.0,-60.4,0.1903,1241.6,525.5,0.1521,8.17,0.817,0.408
B-R08-2b,伸缩端,P08,R,2,φ450×77,404.3,-0.6,219.1,0.0,622.8,437.7,-30.9,0.1899,1143.6,571.4,0.1521,7.52,0.752,0.392
B-R08-3b,伸缩端,P08,R,3,φ450×77,401.7,0.3,218.9,0.0,621.0,421.8,-23.8,0.1910,1123.3,581.4,0.1521,7.39,0.739,0.388
B-R08-4b,伸缩端,P08,R,4,φ450×77,401.7,-0.0,219.3,0.0,621.0,436.7,-30.7,0.1921,1141.5,569.7,0.1521,7.51,0.751,0.391
B-R08-5b,伸缩端,P08,R,5,φ450×77,388.0,-0.2,219.1,0.0,606.8,514.3,-60.7,0.1965,1222.2,505.1,0.1521,8.04,0.804,0.404
B-R09-1a,伸缩端,P08,R,1,φ450×77,406.4,1.0,219.4,0.0,626.8,516.8,-60.4,0.1922,1242.9,526.0,0.1521,8.17,0.817,0.408
B-R09-2a,伸缩端,P08,R,2,φ450×77,404.3,-0.6,219.3,0.0,622.9,437.5,-30.7,0.1912,1144.2,571.7,0.1521,7.52,0.752,0.392
B-R09-3a,伸缩端,P08,R,3,φ450×77,401.7,0.3,219.1,0.0,621.2,421.6,-23.7,0.1920,1123.8,581.7,0.1521,7.39,0.739,0.388
B-R09-4a,伸缩端,P08,R,4,φ450×77,401.7,-0.1,219.5,0.0,621.1,436.6,-30.6,0.1928,1141.9,570.0,0.1521,7.51,0.751,0.391
B-R09-5a,伸缩端,P08,R,5,φ450×77,388.0,-0.2,219.2,0.0,607.0,514.3,-60.7,0.1966,1222.4,505.3,0.1521,8.04,0.804,0.405
B-R12-1b,伸缩端,A12,R,1,φ450×77,397.5,0.3,216.2,0.0,614.0,515.6,-60.8,0.1922,1228.7,512.5,0.1521,8.08,0.808,0.406
B-R12-2b,伸缩端,A12,R,2,φ450×77,401.2,0.6,216.3,0.0,618.1,436.8,-31.1,0.1912,1138.5,566.3,0.1521,7.49,0.749,0.391
B-R12-3b,伸缩端,A12,R,3,φ450×77,401.2,0.5,216.4,0.0,618.1,421.2,-23.8,0.1920,1120.2,578.5,0.1521,7.37,0.737,0.388
B-R12-4b,伸缩端,A12,R,4,φ450×77,401.2,0.5,216.6,0.0,618.3,436.2,-30.8,0.1928,1138.6,566.9,0.1521,7.49,0.749,0.391
B-R12-5b,伸缩端,A12,R,5,φ450×77,393.3,-0.4,216.5,0.0,609.4,514.1,-60.7,0.1966,1224.6,507.7,0.1521,8.05,0.805,0.405
TS-L01-1b,临时支座,P01,L,1,,395.6,,,,,,,,,,,,,
TS-L01-2b,临时支座,P01,L,2,,397.9,,,,,,,,,,,,,
TS-L01-3b,临时支座,P01,L,3,,397.8,,,,,,,,,,,,,
TS-L01-4b,临时支座,P01,L,4,,395.9,,,,,,,,,,,,,
TS-L01-5b,临时支座,P01,L,5,,387.8,,,,,,,,,,,,,
TS-L02-1a,临时支座,P01,L,1,,392.3,,,,,,,,,,,,,
TS-L02-1b,临时支座,P02,L,1,,392.3,,,,,,,,,,,,,
TS-L02-2a,临时支座,P01,L,2,,392.9,,,,,,,,,,,,,
TS-L02-2b,临时支座,P02,L,2,,392.9,,,,,,,,,,,,,
TS-L02-3a,临时支座,P01,L,3,,392.8,,,,,,,,,,,,,
TS-L02-3b,临时支座,P02,L,3,,392.8,,,,,,,,,,,,,
TS-L02-4a,临时支座,P01,L,4,,389.2,,,,,,,,,,,,,
TS-L02-4b,临时支座,P02,L,4,,389.3,,,,,,,,,,,,,
TS-L02-5a,临时支座,P01,L,5,,379.4,,,,,,,,,,,,,
TS-L02-5b,临时支座,P02,L,5,,379.4,,,,,,,,,,,,,
TS-L03-1a,临时支座,P02,L,1,,394.2,,,,,,,,,,,,,
TS-L03-1b,临时支座,P03,L,1,,394.2,,,,,,,,,,,,,
TS-L03-2a,临时支座,P02,L,2,,393.0,,,,,,,,,,,,,
TS-L03-2b,临时支座,P03,L,2,,393.0,,,,,,,,,,,,,
TS-L03-3a,临时支座,P02,L,3,,389.4,,,,,,,,,,,,,
TS-L03-3b,临时支座,P03,L,3,,389.4,,,,,,,,,,,,,
TS-L03-4a,临时支座,P02,L,4,,389.3,,,,,,,,,,,,,
TS-L03-4b,临时支座,P03,L,4,,389.3,,,,,,,,,,,,,
TS-L03-5a,临时支座,P02,L,5,,377.8,,,,,,,,,,,,,
TS-L03-5b,临时支座,P03,L,5,,377.8,,,,,,,,,,,,,
TS-L04-1a,临时支座,P03,L,1,,399.7,,,,,,,,,,,,,
TS-L04-2a,临时支座,P03,L,2,,396.3,,,,,,,,,,,,,
TS-L04-3a,临时支座,P03,L,3,,396.0,,,,,,,,,,,,,
TS-L04-4a,临时支座,P03,L,4,,393.8,,,,,,,,,,,,,
TS-L04-5a,临时支座,P03,L,5,,381.6,,,,,,,,,,,,,
TS-L05-1b,临时支座,P05,L,1,,399.7,,,,,,,,,,,,,
TS-L05-2b,临时支座,P05,L,2,,396.3,,,,,,,,,,,,,
TS-L05-3b,临时支座,P05,L,3,,396.0,,,,,,,,,,,,,
TS-L05-4b,临时支座,P05,L,4,,393.8,,,,,,,,,,,,,
TS-L05-5b,临时支座,P05,L,5,,381.6,,,,,,,,,,,,,
TS-L06-1a,临时支座,P05,L,1,,394.7,,,,,,,,,,,,,
TS-L06-1b,临时支座,P06,L,1,,394.7,,,,,,,,,,,,,
TS-L06-2a,临时支座,P05,L,2,,393.3,,,,,,,,,,,,,
TS-L06-2b,临时支座,P06,L,2,,393.3,,,,,,,,,,,,,
TS-L06-3a,临时支座,P05,L,3,,389.7,,,,,,,,,,,,,
TS-L06-3b,临时支座,P06,L,3,,389.7,,,,,,,,,,,,,
TS-L06-4a,临时支座,P05,L,4,,389.6,,,,,,,,,,,,,
TS-L06-4b,临时支座,P06,L,4,,389.6,,,,,,,,,,,,,
TS-L06-5a,临时支座,P05,L,5,,377.6,,,,,,,,,,,,,
TS-L06-5b,临时支座,P06,L,5,,377.6,,,,,,,,,,,,,
TS-L07-1a,临时支座,P06,L,1,,394.7,,,,,,,,,,,,,
TS-L07-1b,临时支座,P07,L,1,,394.7,,,,,,,,,,,,,
TS-L07-2a,临时支座,P06,L,2,,393.3,,,,,,,,,,,,,
TS-L07-2b,临时支座,P07,L,2,,393.3,,,,,,,,,,,,,
TS-L07-3a,临时支座,P06,L,3,,389.7,,,,,,,,,,,,,
TS-L07-3b,临时支座,P07,L,3,,389.7,,,,,,,,,,,,,
TS-L07-4a,临时支座,P06,L,4,,389.6,,,,,,,,,,,,,
TS-L07-4b,临时支座,P07,L,4,,389.6,,,,,,,,,,,,,
TS-L07-5a,临时支座,P06,L,5,,377.6,,,,,,,,,,,,,
TS-L07-5b,临时支座,P07,L,5,,377.6,,,,,,,,,,,,,
TS-L08-1a,临时支座,P07,L,1,,399.7,,,,,,,,,,,,,
TS-L08-2a,临时支座,P07,L,2,,396.3,,,,,,,,,,,,,
TS-L08-3a,临时支座,P07,L,3,,396.0,,,,,,,,,,,,,
TS-L08-4a,临时支座,P07,L,4,,393.8,,,,,,,,,,,,,
TS-L08-5a,临时支座,P07,L,5,,381.6,,,,,,,,,,,,,
TS-L09-1b,临时支座,P09,L,1,,399.6,,,,,,,,,,,,,
TS-L09-2b,临时支座,P09,L,2,,396.3,,,,,,,,,,,,,
TS-L09-3b,临时支座,P09,L,3,,396.0,,,,,,,,,,,,,
TS-L09-4b,临时支座,P09,L,4,,393.7,,,,,,,,,,,,,
TS-L09-5b,临时支座,P09,L,5,,381.6,,,,,,,,,,,,,
TS-L10-1a,临时支座,P09,L,1,,394.0,,,,,,,,,,,,,
TS-L10-1b,临时支座,P10,L,1,,394.0,,,,,,,,,,,,,
TS-L10-2a,临时支座,P09,L,2,,393.7,,,,,,,,,,,,,
TS-L10-2b,临时支座,P10,L,2,,393.7,,,,,,,,,,,,,
TS-L10-3a,临时支座,P09,L,3,,390.2,,,,,,,,,,,,,
TS-L10-3b,临时支座,P10,L,3,,390.2,,,,,,,,,,,,,
TS-L10-4a,临时支座,P09,L,4,,390.1,,,,,,,,,,,,,
TS-L10-4b,临时支座,P10,L,4,,390.1,,,,,,,,,,,,,
TS-L10-5a,临时支座,P09,L,5,,378.7,,,,,,,,,,,,,
TS-L10-5b,临时支座,P10,L,5,,378.7,,,,,,,,,,,,,
TS-L11-1a,临时支座,P10,L,1,,392.2,,,,,,,,,,,,,
TS-L11-1b,临时支座,P11,L,1,,392.2,,,,,,,,,,,,,
TS-L11-2a,临时支座,P10,L,2,,393.9,,,,,,,,,,,,,
TS-L11-2b,临时支座,P11,L,2,,393.8,,,,,,,,,,,,,
TS-L11-3a,临时支座,P10,L,3,,393.8,,,,,,,,,,,,,
TS-L11-3b,临时支座,P11,L,3,,393.7,,,,,,,,,,,,,
TS-L11-4a,临时支座,P10,L,4,,390.2,,,,,,,,,,,,,
TS-L11-4b,临时支座,P11,L,4,,390.2,,,,,,,,,,,,,
TS-L11-5a,临时支座,P10,L,5,,380.4,,,,,,,,,,,,,
TS-L11-5b,临时支座,P11,L,5,,380.4,,,,,,,,,,,,,
TS-L12-1a,临时支座,P11,L,1,,395.4,,,,,,,,,,,,,
TS-L12-2a,临时支座,P11,L,2,,398.9,,,,,,,,,,,,,
TS-L12-3a,临时支座,P11,L,3,,398.9,,,,,,,,,,,,,
TS-L12-4a,临时支座,P11,L,4,,398.7,,,,,,,,,,,,,
TS-L12-5a,临时支座,P11,L,5,,389.0,,,,,,,,,,,,,
TS-R01-1b,临时支座,P01,R,1,,399.0,,,,,,,,,,,,,
TS-R01-2b,临时支座,P01,R,2,,398.8,,,,,,,,,,,,,
TS-R01-3b,临时支座,P01,R,3,,398.7,,,,,,,,,,,,,
TS-R01-4b,临时支座,P01,R,4,,398.7,,,,,,,,,,,,,
TS-R01-5b,临时支座,P01,R,5,,391.4,,,,,,,,,,,,,
TS-R02-1a,临时支座,P01,R,1,,396.0,,,,,,,,,,,,,
TS-R02-1b,临时支座,P02,R,1,,396.0,,,,,,,,,,,,,
TS-R02-2a,临时支座,P01,R,2,,395.8,,,,,,,,,,,,,
TS-R02-2b,临时支座,P02,R,2,,395.8,,,,,,,,,,,,,
TS-R02-3a,临时支座,P01,R,3,,395.8,,,,,,,,,,,,,
TS-R02-3b,临时支座,P02,R,3,,395.8,,,,,,,,,,,,,
TS-R02-4a,临时支座,P01,R,4,,395.7,,,,,,,,,,,,,
TS-R02-4b,临时支座,P02,R,4,,395.7,,,,,,,,,,,,,
TS-R02-5a,临时支座,P01,R,5,,382.8,,,,,,,,,,,,,
TS-R02-5b,临时支座,P02,R,5,,382.8,,,,,,,,,,,,,
TS-R03-1a,临时支座,P02,R,1,,402.2,,,,,,,,,,,,,
TS-R03-1b,临时支座,P03,R,1,,402.2,,,,,,,,,,,,,
TS-R03-2a,临时支座,P02,R,2,,396.4,,,,,,,,,,,,,
TS-R03-2b,临时支座,P03,R,2,,396.4,,,,,,,,,,,,,
TS-R03-3a,临时支座,P02,R,3,,396.3,,,,,,,,,,,,,
TS-R03-3b,临时支座,P03,R,3,,396.3,,,,,,,,,,,,,
TS-R03-4a,临时支座,P02,R,4,,396.2,,,,,,,,,,,,,
TS-R03-4b,临时支座,P03,R,4,,396.2,,,,,,,,,,,,,
TS-R03-5a,临时支座,P02,R,5,,381.2,,,,,,,,,,,,,
TS-R03-5b,临时支座,P03,R,5,,381.2,,,,,,,,,,,,,
TS-R04-1a,临时支座,P03,R,1,,406.7,,,,,,,,,,,,,
TS-R04-2a,临时支座,P03,R,2,,404.6,,,,,,,,,,,,,
TS-R04-3a,临时支座,P03,R,3,,402.4,,,,,,,,,,,,,
TS-R04-4a,临时支座,P03,R,4,,402.1,,,,,,,,,,,,,
TS-R04-5a,临时支座,P03,R,5,,388.3,,,,,,,,,,,,,
TS-R05-1b,临时支座,P05,R,1,,406.7,,,,,,,,,,,,,
TS-R05-2b,临时支座,P05,R,2,,404.6,,,,,,,,,,,,,
TS-R05-3b,临时支座,P05,R,3,,402.4,,,,,,,,,,,,,
TS-R05-4b,临时支座,P05,R,4,,402.1,,,,,,,,,,,,,
TS-R05-5b,临时支座,P05,R,5,,388.3,,,,,,,,,,,,,
TS-R06-1a,临时支座,P05,R,1,,403.1,,,,,,,,,,,,,
TS-R06-1b,临时支座,P06,R,1,,403.1,,,,,,,,,,,,,
TS-R06-2a,临时支座,P05,R,2,,397.4,,,,,,,,,,,,,
TS-R06-2b,临时支座,P06,R,2,,397.4,,,,,,,,,,,,,
TS-R06-3a,临时支座,P05,R,3,,397.3,,,,,,,,,,,,,
TS-R06-3b,临时支座,P06,R,3,,397.3,,,,,,,,,,,,,
TS-R06-4a,临时支座,P05,R,4,,397.2,,,,,,,,,,,,,
TS-R06-4b,临时支座,P06,R,4,,397.2,,,,,,,,,,,,,
TS-R06-5a,临时支座,P05,R,5,,381.4,,,,,,,,,,,,,
TS-R06-5b,临时支座,P06,R,5,,381.4,,,,,,,,,,,,,
TS-R07-1a,临时支座,P06,R,1,,403.1,,,,,,,,,,,,,
TS-R07-1b,临时支座,P07,R,1,,403.1,,,,,,,,,,,,,
TS-R07-2a,临时支座,P06,R,2,,397.4,,,,,,,,,,,,,
TS-R07-2b,临时支座,P07,R,2,,397.4,,,,,,,,,,,,,
TS-R07-3a,临时支座,P06,R,3,,397.3,,,,,,,,,,,,,
TS-R07-3b,临时支座,P07,R,3,,397.3,,,,,,,,,,,,,
TS-R07-4a,临时支座,P06,R,4,,397.2,,,,,,,,,,,,,
TS-R07-4b,临时支座,P07,R,4,,397.2,,,,,,,,,,,,,
TS-R07-5a,临时支座,P06,R,5,,381.3,,,,,,,,,,,,,
TS-R07-5b,临时支座,P07,R,5,,381.3,,,,,,,,,,,,,
TS-R08-1a,临时支座,P07,R,1,,406.7,,,,,,,,,,,,,
TS-R08-2a,临时支座,P07,R,2,,404.6,,,,,,,,,,,,,
TS-R08-3a,临时支座,P07,R,3,,402.3,,,,,,,,,,,,,
TS-R08-4a,临时支座,P07,R,4,,402.1,,,,,,,,,,,,,
TS-R08-5a,临时支座,P07,R,5,,388.2,,,,,,,,,,,,,
TS-R09-1b,临时支座,P09,R,1,,406.7,,,,,,,,,,,,,
TS-R09-2b,临时支座,P09,R,2,,404.6,,,,,,,,,,,,,
TS-R09-3b,临时支座,P09,R,3,,402.3,,,,,,,,,,,,,
TS-R09-4b,临时支座,P09,R,4,,402.1,,,,,,,,,,,,,
TS-R09-5b,临时支座,P09,R,5,,388.2,,,,,,,,,,,,,
TS-R10-1a,临时支座,P09,R,1,,402.7,,,,,,,,,,,,,
TS-R10-1b,临时支座,P10,R,1,,402.8,,,,,,,,,,,,,
TS-R10-2a,临时支座,P09,R,2,,398.8,,,,,,,,,,,,,
TS-R10-2b,临时支座,P10,R,2,,398.8,,,,,,,,,,,,,
TS-R10-3a,临时支座,P09,R,3,,398.7,,,,,,,,,,,,,
TS-R10-3b,临时支座,P10,R,3,,398.7,,,,,,,,,,,,,
TS-R10-4a,临时支座,P09,R,4,,398.6,,,,,,,,,,,,,
TS-R10-4b,临时支座,P10,R,4,,398.6,,,,,,,,,,,,,
TS-R10-5a,临时支座,P09,R,5,,383.0,,,,,,,,,,,,,
TS-R10-5b,临时支座,P10,R,5,,383.0,,,,,,,,,,,,,
TS-R11-1a,临时支座,P10,R,1,,396.7,,,,,,,,,,,,,
TS-R11-1b,临时支座,P11,R,1,,396.8,,,,,,,,,,,,,
TS-R11-2a,临时支座,P10,R,2,,398.7,,,,,,,,,,,,,
TS-R11-2b,临时支座,P11,R,2,,398.7,,,,,,,,,,,,,
TS-R11-3a,临时支座,P10,R,3,,398.7,,,,,,,,,,,,,
TS-R11-3b,临时支座,P11,R,3,,398.7,,,,,,,,,,,,,
TS-R11-4a,临时支座,P10,R,4,,398.6,,,,,,,,,,,,,
TS-R11-4b,临时支座,P11,R,4,,398.6,,,,,,,,,,,,,
TS-R11-5a,临时支座,P10,R,5,,384.8,,,,,,,,,,,,,
TS-R11-5b,临时支座,P11,R,5,,384.8,,,,,,,,,,,,,
TS-R12-1a,临时支座,P11,R,1,,397.8,,,,,,,,,,,,,
TS-R12-2a,临时支座,P11,R,2,,401.7,,,,,,,,,,,,,
TS-R12-3a,临时支座,P11,R,3,,401.7,,,,,,,,,,,,,
TS-R12-4a,临时支座,P11,R,4,,401.7,,,,,,,,,,,,,
TS-R12-5a,临时支座,P11,R,5,,393.5,,,,,,,,,,,,,
