bearing,kind,size,support,deck,line,girders,x,y,bearing_top,seat_top,cap_top,seat_height
B-L01-1a,伸缩端,GYZF4 φ450×87,A00,L,1,G-L01-1,302.3540,177.0626,131.5313,131.4443,131.2937,0.1507
B-L01-2a,伸缩端,GYZF4 φ450×87,A00,L,2,G-L01-2,301.1167,179.1772,131.4688,131.3818,131.2313,0.1505
B-L01-3a,伸缩端,GYZF4 φ450×87,A00,L,3,G-L01-3,299.8793,181.2918,131.4063,131.3193,131.1689,0.1503
B-L01-4a,伸缩端,GYZF4 φ450×87,A00,L,4,G-L01-4,298.6419,183.4063,131.3437,131.2567,131.1066,0.1502
B-L01-5a,伸缩端,GYZF4 φ450×87,A00,L,5,G-L01-5,297.4045,185.5209,131.2812,131.1942,131.0442,0.1500
B-R01-1a,伸缩端,GYZF4 φ450×87,A00,R,1,G-R01-1,309.4248,164.9794,131.3894,131.3024,131.1504,0.1520
B-R01-2a,伸缩端,GYZF4 φ450×87,A00,R,2,G-R01-2,308.1874,167.0940,131.3978,131.3108,131.1593,0.1515
B-R01-3a,伸缩端,GYZF4 φ450×87,A00,R,3,G-R01-3,306.9500,169.2085,131.4062,131.3192,131.1682,0.1510
B-R01-4a,伸缩端,GYZF4 φ450×87,A00,R,4,G-R01-4,305.7126,171.3231,131.4146,131.3276,131.1771,0.1505
B-R01-5a,伸缩端,GYZF4 φ450×87,A00,R,5,G-R01-5,304.4753,173.4377,131.4230,131.3360,131.1860,0.1500
B-P01-L1,连续墩,GJZ 500×600×90,P01,L,1,G-L01-1/G-L02-1,327.7582,192.2012,132.0311,131.9411,131.7911,0.1500
B-P01-L2,连续墩,GJZ 500×600×90,P01,L,2,G-L01-2/G-L02-2,326.4842,194.2934,131.9554,131.8654,131.7154,0.1500
B-P01-L3,连续墩,GJZ 500×600×90,P01,L,3,G-L01-3/G-L02-3,325.2101,196.3855,131.8797,131.7897,131.6397,0.1500
B-P01-L4,连续墩,GJZ 500×600×90,P01,L,4,G-L01-4/G-L02-4,323.9351,198.4793,131.8039,131.7139,131.5639,0.1500
B-P01-L5,连续墩,GJZ 500×600×90,P01,L,5,G-L01-5/G-L02-5,322.6611,200.5715,131.7282,131.6382,131.4882,0.1500
B-P01-R1,连续墩,GJZ 500×600×90,P01,R,1,G-R01-1/G-R02-1,335.0398,180.2436,131.9420,131.8520,131.7020,0.1500
B-P01-R2,连续墩,GJZ 500×600×90,P01,R,2,G-R01-2/G-R02-2,333.7652,182.3366,131.9108,131.8208,131.6708,0.1500
B-P01-R3,连续墩,GJZ 500×600×90,P01,R,3,G-R01-3/G-R02-3,332.4912,184.4288,131.8797,131.7897,131.6396,0.1500
B-P01-R4,连续墩,GJZ 500×600×90,P01,R,4,G-R01-4/G-R02-4,331.2172,186.5209,131.8485,131.7585,131.6085,0.1501
B-P01-R5,连续墩,GJZ 500×600×90,P01,R,5,G-R01-5/G-R02-5,329.9427,188.6138,131.8173,131.7273,131.5773,0.1500
B-P02-L1,连续墩,GJZ 500×600×90,P02,L,1,G-L02-1/G-L03-1,353.1119,208.1209,132.4925,132.4025,132.2525,0.1500
B-P02-L2,连续墩,GJZ 500×600×90,P02,L,2,G-L02-2/G-L03-2,351.7775,210.1747,132.4035,132.3135,132.1634,0.1501
B-P02-L3,连续墩,GJZ 500×600×90,P02,L,3,G-L02-3/G-L03-3,350.4423,212.2295,132.3144,132.2244,132.0743,0.1501
B-P02-L4,连续墩,GJZ 500×600×90,P02,L,4,G-L02-4/G-L03-4,349.1071,214.2845,132.2253,132.1353,131.9852,0.1501
B-P02-L5,连续墩,GJZ 500×600×90,P02,L,5,G-L02-5/G-L03-5,347.7727,216.3383,132.1363,132.0463,131.8961,0.1501
B-P02-R1,连续墩,GJZ 500×600×90,P02,R,1,G-R02-1/G-R03-1,360.7397,196.3812,132.4567,132.3667,132.2167,0.1500
B-P02-R2,连续墩,GJZ 500×600×90,P02,R,2,G-R02-2/G-R03-2,359.4044,198.4363,132.3855,132.2955,132.1454,0.1500
B-P02-R3,连续墩,GJZ 500×600×90,P02,R,3,G-R02-3/G-R03-3,358.0700,200.4901,132.3144,132.2244,132.0742,0.1502
B-P02-R4,连续墩,GJZ 500×600×90,P02,R,4,G-R02-4/G-R03-4,356.7355,202.5439,132.2432,132.1532,132.0029,0.1503
B-P02-R5,连续墩,GJZ 500×600×90,P02,R,5,G-R02-5/G-R03-5,355.3995,204.6001,132.1719,132.0819,131.9316,0.1503
B-P03-L1,连续墩,GJZ 500×600×90,P03,L,1,G-L03-1/G-L04-1,377.8736,224.9033,132.8553,132.7653,132.6153,0.1500
B-P03-L2,连续墩,GJZ 500×600×90,P03,L,2,G-L03-2/G-L04-2,376.4571,226.9025,132.7573,132.6673,132.5173,0.1501
B-P03-L3,连续墩,GJZ 500×600×90,P03,L,3,G-L03-3/G-L04-3,375.0406,228.9015,132.6594,132.5694,132.4193,0.1501
B-P03-L4,连续墩,GJZ 500×600×90,P03,L,4,G-L03-4/G-L04-4,373.6238,230.9011,132.5614,132.4714,132.3212,0.1502
B-P03-L5,连续墩,GJZ 500×600×90,P03,L,5,G-L03-5/G-L04-5,372.2082,232.8988,132.4636,132.3736,132.2233,0.1502
B-P03-R1,连续墩,GJZ 500×600×90,P03,R,1,G-R03-1/G-R04-1,385.9676,213.4804,132.8550,132.7650,132.6150,0.1500
B-P03-R2,连续墩,GJZ 500×600×90,P03,R,2,G-R03-2/G-R04-2,384.5511,215.4794,132.7572,132.6672,132.5170,0.1502
B-P03-R3,连续墩,GJZ 500×600×90,P03,R,3,G-R03-3/G-R04-3,383.1342,217.4791,132.6593,132.5693,132.4190,0.1503
B-P03-R4,连续墩,GJZ 500×600×90,P03,R,4,G-R03-4/G-R04-4,381.7187,219.4768,132.5616,132.4716,132.3211,0.1505
B-P03-R5,连续墩,GJZ 500×600×90,P03,R,5,G-R03-5/G-R04-5,380.3012,221.4773,132.4637,132.3737,132.2230,0.1507
B-L04-1b,伸缩端,GYZF4 φ450×87,P04,L,1,G-L04-1,401.5918,242.4741,133.1077,133.0207,132.8706,0.1500
B-L04-2b,伸缩端,GYZF4 φ450×87,P04,L,2,G-L04-2,400.0910,244.4106,133.0097,132.9227,132.7726,0.1500
B-L04-3b,伸缩端,GYZF4 φ450×87,P04,L,3,G-L04-3,398.5902,246.3471,132.9117,132.8247,132.6746,0.1500
B-L04-4b,伸缩端,GYZF4 φ450×87,P04,L,4,G-L04-4,397.0894,248.2836,132.8136,132.7266,132.5766,0.1500
B-L04-5b,伸缩端,GYZF4 φ450×87,P04,L,5,G-L04-5,395.5886,250.2201,132.7156,132.6286,132.4786,0.1500
B-L05-1a,伸缩端,GYZF4 φ450×87,P04,L,1,G-L05-1,402.2082,242.9518,133.1132,133.0262,132.8706,0.1555
B-L05-2a,伸缩端,GYZF4 φ450×87,P04,L,2,G-L05-2,400.7074,244.8883,133.0152,132.9282,132.7726,0.1555
B-L05-3a,伸缩端,GYZF4 φ450×87,P04,L,3,G-L05-3,399.2066,246.8248,132.9172,132.8302,132.6746,0.1555
B-L05-4a,伸缩端,GYZF4 φ450×87,P04,L,4,G-L05-4,397.7058,248.7613,132.8192,132.7322,132.5766,0.1555
B-L05-5a,伸缩端,GYZF4 φ450×87,P04,L,5,G-L05-5,396.2050,250.6979,132.7212,132.6342,132.4786,0.1556
B-R04-1b,伸缩端,GYZF4 φ450×87,P04,R,1,G-R04-1,410.1678,231.4083,133.1077,133.0207,132.8707,0.1500
B-R04-2b,伸缩端,GYZF4 φ450×87,P04,R,2,G-R04-2,408.6670,233.3448,133.0097,132.9227,132.7727,0.1500
B-R04-3b,伸缩端,GYZF4 φ450×87,P04,R,3,G-R04-3,407.1662,235.2813,132.9117,132.8247,132.6747,0.1500
B-R04-4b,伸缩端,GYZF4 φ450×87,P04,R,4,G-R04-4,405.6654,237.2178,132.8137,132.7267,132.5767,0.1500
B-R04-5b,伸缩端,GYZF4 φ450×87,P04,R,5,G-R04-5,404.1646,239.1544,132.7157,132.6287,132.4787,0.1500
B-R05-1a,伸缩端,GYZF4 φ450×87,P04,R,1,G-R05-1,410.7842,231.8860,133.1131,133.0261,132.8707,0.1554
B-R05-2a,伸缩端,GYZF4 φ450×87,P04,R,2,G-R05-2,409.2834,233.8225,133.0151,132.9281,132.7727,0.1554
B-R05-3a,伸缩端,GYZF4 φ450×87,P04,R,3,G-R05-3,407.7826,235.7590,132.9171,132.8301,132.6747,0.1554
B-R05-4a,伸缩端,GYZF4 φ450×87,P04,R,4,G-R05-4,406.2818,237.6956,132.8191,132.7321,132.5767,0.1554
B-R05-5a,伸缩端,GYZF4 φ450×87,P04,R,5,G-R05-5,404.7810,239.6321,132.7211,132.6341,132.4787,0.1554
B-P05-L1,连续墩,GJZ 500×600×90,P05,L,1,G-L05-1/G-L06-1,425.1411,261.5359,133.2754,133.1854,133.0354,0.1500
B-P05-L2,连续墩,GJZ 500×600×90,P05,L,2,G-L05-2/G-L06-2,423.5586,263.4064,133.1774,133.0874,132.9374,0.1500
B-P05-L3,连续墩,GJZ 500×600×90,P05,L,3,G-L05-3/G-L06-3,421.9762,265.2768,133.0794,132.9894,132.8394,0.1500
B-P05-L4,连续墩,GJZ 500×600×90,P05,L,4,G-L05-4/G-L06-4,420.3934,267.1477,132.9813,132.8913,132.7413,0.1500
B-P05-L5,连续墩,GJZ 500×600×90,P05,L,5,G-L05-5/G-L06-5,418.8121,269.0169,132.8835,132.7935,132.6434,0.1500
B-P05-R1,连续墩,GJZ 500×600×90,P05,R,1,G-R05-1/G-R06-1,434.1831,250.8480,133.2754,133.1854,133.0354,0.1500
B-P05-R2,连续墩,GJZ 500×600×90,P05,R,2,G-R05-2/G-R06-2,432.6007,252.7183,133.1774,133.0874,132.9374,0.1500
B-P05-R3,连续墩,GJZ 500×600×90,P05,R,3,G-R05-3/G-R06-3,431.0178,254.5894,133.0793,132.9893,132.8393,0.1500
B-P05-R4,连续墩,GJZ 500×600×90,P05,R,4,G-R05-4/G-R06-4,429.4365,256.4585,132.9814,132.8914,132.7414,0.1501
B-P05-R5,连续墩,GJZ 500×600×90,P05,R,5,G-R05-5/G-R06-5,427.8530,258.3303,132.8833,132.7933,132.6433,0.1500
B-P06-L1,连续墩,GJZ 500×600×90,P06,L,1,G-L06-1/G-L07-1,447.5543,281.3373,133.3504,133.2604,133.1103,0.1500
B-P06-L2,连续墩,GJZ 500×600×90,P06,L,2,G-L06-2/G-L07-2,445.8940,283.1374,133.2525,133.1625,133.0124,0.1501
B-P06-L3,连续墩,GJZ 500×600×90,P06,L,3,G-L06-3/G-L07-3,444.2314,284.9399,133.1543,133.0643,132.9143,0.1500
B-P06-L4,连续墩,GJZ 500×600×90,P06,L,4,G-L06-4/G-L07-4,442.5711,286.7400,133.0564,132.9664,132.8163,0.1500
B-P06-L5,连续墩,GJZ 500×600×90,P06,L,5,G-L06-5/G-L07-5,440.9108,288.5401,132.9585,132.8685,132.7184,0.1501
B-P06-R1,连续墩,GJZ 500×600×90,P06,R,1,G-R06-1/G-R07-1,457.0466,271.0459,133.3504,133.2604,133.1104,0.1501
B-P06-R2,连续墩,GJZ 500×600×90,P06,R,2,G-R06-2/G-R07-2,455.3838,272.8486,133.2523,133.1623,133.0123,0.1500
B-P06-R3,连续墩,GJZ 500×600×90,P06,R,3,G-R06-3/G-R07-3,453.7235,274.6487,133.1543,133.0643,132.9143,0.1500
B-P06-R4,连续墩,GJZ 500×600×90,P06,R,4,G-R06-4/G-R07-4,452.0632,276.4488,133.0564,132.9664,132.8163,0.1501
B-P06-R5,连续墩,GJZ 500×600×90,P06,R,5,G-R06-5/G-R07-5,450.4006,278.2514,132.9583,132.8683,132.7183,0.1500
B-P07-L1,连续墩,GJZ 500×600×90,P07,L,1,G-L07-1/G-L08-1,469.0989,302.0804,133.3354,133.2454,133.0954,0.1500
B-P07-L2,连续墩,GJZ 500×600×90,P07,L,2,G-L07-2/G-L08-2,467.3621,303.8086,133.2374,133.1474,132.9974,0.1500
B-P07-L3,连续墩,GJZ 500×600×90,P07,L,3,G-L07-3/G-L08-3,465.6254,305.5367,133.1394,133.0494,132.8994,0.1500
B-P07-L4,连续墩,GJZ 500×600×90,P07,L,4,G-L07-4/G-L08-4,463.8882,307.2652,133.0413,132.9513,132.8013,0.1500
B-P07-L5,连续墩,GJZ 500×600×90,P07,L,5,G-L07-5/G-L08-5,462.1527,308.9922,132.9435,132.8535,132.7034,0.1500
B-P07-R1,连续墩,GJZ 500×600×90,P07,R,1,G-R07-1/G-R08-1,479.0227,292.2059,133.3354,133.2454,133.0954,0.1500
B-P07-R2,连续墩,GJZ 500×600×90,P07,R,2,G-R07-2/G-R08-2,477.2861,293.9339,133.2374,133.1474,132.9974,0.1500
B-P07-R3,连续墩,GJZ 500×600×90,P07,R,3,G-R07-3/G-R08-3,475.5488,295.6626,133.1393,133.0493,132.8993,0.1500
B-P07-R4,连续墩,GJZ 500×600×90,P07,R,4,G-R07-4/G-R08-4,473.8133,297.3895,133.0414,132.9514,132.8014,0.1501
B-P07-R5,连续墩,GJZ 500×600×90,P07,R,5,G-R07-5/G-R08-5,472.0753,299.1188,132.9433,132.8533,132.7033,0.1500
B-L08-1b,伸缩端,GYZF4 φ450×87,P08,L,1,G-L08-1,489.4721,323.4397,133.2324,133.1454,132.9914,0.1539
B-L08-2b,伸缩端,GYZF4 φ450×87,P08,L,2,G-L08-2,487.6629,325.0918,133.1344,133.0474,132.8934,0.1540
B-L08-3b,伸缩端,GYZF4 φ450×87,P08,L,3,G-L08-3,485.8537,326.7439,133.0364,132.9494,132.7954,0.1540
B-L08-4b,伸缩端,GYZF4 φ450×87,P08,L,4,G-L08-4,484.0446,328.3960,132.9384,132.8514,132.6974,0.1540
B-L08-5b,伸缩端,GYZF4 φ450×87,P08,L,5,G-L08-5,482.2354,330.0481,132.8404,132.7534,132.5994,0.1540
B-L09-1a,伸缩端,GYZF4 φ450×87,P08,L,1,G-L09-1,489.9979,324.0156,133.2285,133.1415,132.9914,0.1500
B-L09-2a,伸缩端,GYZF4 φ450×87,P08,L,2,G-L09-2,488.1888,325.6677,133.1304,133.0434,132.8934,0.1500
B-L09-3a,伸缩端,GYZF4 φ450×87,P08,L,3,G-L09-3,486.3796,327.3198,133.0324,132.9454,132.7954,0.1500
B-L09-4a,伸缩端,GYZF4 φ450×87,P08,L,4,G-L09-4,484.5704,328.9719,132.9344,132.8474,132.6974,0.1500
B-L09-5a,伸缩端,GYZF4 φ450×87,P08,L,5,G-L09-5,482.7613,330.6240,132.8364,132.7494,132.5994,0.1500
B-R08-1b,伸缩端,GYZF4 φ450×87,P08,R,1,G-R08-1,499.8101,313.9991,133.2323,133.1453,132.9915,0.1539
B-R08-2b,伸缩端,GYZF4 φ450×87,P08,R,2,G-R08-2,498.0009,315.6512,133.1343,133.0473,132.8935,0.1539
B-R08-3b,伸缩端,GYZF4 φ450×87,P08,R,3,G-R08-3,496.1918,317.3033,133.0364,132.9494,132.7955,0.1539
B-R08-4b,伸缩端,GYZF4 φ450×87,P08,R,4,G-R08-4,494.3826,318.9554,132.9384,132.8514,132.6975,0.1539
B-R08-5b,伸缩端,GYZF4 φ450×87,P08,R,5,G-R08-5,492.5735,320.6075,132.8404,132.7534,132.5995,0.1539
B-R09-1a,伸缩端,GYZF4 φ450×87,P08,R,1,G-R09-1,500.3360,314.5750,133.2285,133.1415,132.9915,0.1500
B-R09-2a,伸缩端,GYZF4 φ450×87,P08,R,2,G-R09-2,498.5268,316.2271,133.1305,133.0435,132.8935,0.1500
B-R09-3a,伸缩端,GYZF4 φ450×87,P08,R,3,G-R09-3,496.7176,317.8792,133.0325,132.9455,132.7955,0.1500
B-R09-4a,伸缩端,GYZF4 φ450×87,P08,R,4,G-R09-4,494.9085,319.5313,132.9345,132.8475,132.6975,0.1500
B-R09-5a,伸缩端,GYZF4 φ450×87,P08,R,5,G-R09-5,493.0993,321.1834,132.8365,132.7495,132.5995,0.1500
B-P09-L1,连续墩,GJZ 500×600×90,P09,L,1,G-L09-1/G-L10-1,509.4246,346.2391,133.0352,132.9452,132.7952,0.1500
B-P09-L2,连续墩,GJZ 500×600×90,P09,L,2,G-L09-2/G-L10-2,507.5462,347.8124,132.9373,132.8473,132.6972,0.1501
B-P09-L3,连续墩,GJZ 500×600×90,P09,L,3,G-L09-3/G-L10-3,505.6679,349.3854,132.8394,132.7494,132.5992,0.1502
B-P09-L4,连续墩,GJZ 500×600×90,P09,L,4,G-L09-4/G-L10-4,503.7891,350.9590,132.7414,132.6514,132.5012,0.1502
B-P09-L5,连续墩,GJZ 500×600×90,P09,L,5,G-L09-5/G-L10-5,501.9120,352.5311,132.6436,132.5536,132.4032,0.1504
B-P09-R1,连续墩,GJZ 500×600×90,P09,R,1,G-R09-1/G-R10-1,520.1577,337.2501,133.0349,132.9449,132.7949,0.1500
B-P09-R2,连续墩,GJZ 500×600×90,P09,R,2,G-R09-2/G-R10-2,518.2794,338.8232,132.9371,132.8471,132.6969,0.1503
B-P09-R3,连续墩,GJZ 500×600×90,P09,R,3,G-R09-3/G-R10-3,516.4005,340.3968,132.8393,132.7493,132.5989,0.1505
B-P09-R4,连续墩,GJZ 500×600×90,P09,R,4,G-R09-4/G-R10-4,514.5234,341.9689,132.7417,132.6517,132.5009,0.1508
B-P09-R5,连续墩,GJZ 500×600×90,P09,R,5,G-R09-5/G-R10-5,512.6437,343.5431,132.6439,132.5539,132.4028,0.1511
B-P10-L1,连续墩,GJZ 500×600×90,P10,L,1,G-L10-1/G-L11-1,528.1863,369.5463,132.7238,132.6338,132.4838,0.1500
B-P10-L2,连续墩,GJZ 500×600×90,P10,L,2,G-L10-2/G-L11-2,526.2516,371.0484,132.6392,132.5492,132.3991,0.1500
B-P10-L3,连续墩,GJZ 500×600×90,P10,L,3,G-L10-3/G-L11-3,524.3160,372.5512,132.5545,132.4645,132.3145,0.1500
B-P10-L4,连续墩,GJZ 500×600×90,P10,L,4,G-L10-4/G-L11-4,522.3803,374.0541,132.4698,132.3798,132.2298,0.1500
B-P10-L5,连续墩,GJZ 500×600×90,P10,L,5,G-L10-5/G-L11-5,520.4455,375.5562,132.3852,132.2952,132.1452,0.1500
B-P10-R1,连续墩,GJZ 500×600×90,P10,R,1,G-R10-1/G-R11-1,539.2450,360.9603,132.6704,132.5804,132.4303,0.1501
B-P10-R2,连续墩,GJZ 500×600×90,P10,R,2,G-R10-2/G-R11-2,537.3092,362.4633,132.6124,132.5224,132.3724,0.1500
B-P10-R3,连续墩,GJZ 500×600×90,P10,R,3,G-R10-3/G-R11-3,535.3745,363.9654,132.5545,132.4645,132.3145,0.1501
B-P10-R4,连续墩,GJZ 500×600×90,P10,R,4,G-R10-4/G-R11-4,533.4397,365.4675,132.4967,132.4067,132.2566,0.1501
B-P10-R5,连续墩,GJZ 500×600×90,P10,R,5,G-R10-5/G-R11-5,531.5030,366.9712,132.4386,132.3486,132.1986,0.1500
B-P11-L1,连续墩,GJZ 500×600×90,P11,L,1,G-L11-1/G-L12-1,546.2286,393.4468,132.3425,132.2525,132.1025,0.1500
B-P11-L2,连续墩,GJZ 500×600×90,P11,L,2,G-L11-2/G-L12-2,544.2562,394.8996,132.2712,132.1812,132.0312,0.1500
B-P11-L3,连续墩,GJZ 500×600×90,P11,L,3,G-L11-3/G-L12-3,542.2838,396.3524,132.2000,132.1100,131.9600,0.1500
B-P11-L4,连续墩,GJZ 500×600×90,P11,L,4,G-L11-4/G-L12-4,540.3109,397.8056,132.1287,132.0387,131.8887,0.1500
B-P11-L5,连续墩,GJZ 500×600×90,P11,L,5,G-L11-5/G-L12-5,538.3378,399.2590,132.0574,131.9674,131.8174,0.1500
B-P11-R1,连续墩,GJZ 500×600×90,P11,R,1,G-R11-1/G-R12-1,557.5005,385.1440,132.2356,132.1456,131.9956,0.1500
B-P11-R2,连续墩,GJZ 500×600×90,P11,R,2,G-R11-2/G-R12-2,555.5281,386.5968,132.2178,132.1278,131.9778,0.1500
B-P11-R3,连续墩,GJZ 500×600×90,P11,R,3,G-R11-3/G-R12-3,553.5558,388.0497,132.2000,132.1100,131.9600,0.1500
B-P11-R4,连续墩,GJZ 500×600×90,P11,R,4,G-R11-4/G-R12-4,551.5834,389.5025,132.1821,132.0921,131.9421,0.1500
B-P11-R5,连续墩,GJZ 500×600×90,P11,R,5,G-R11-5/G-R12-5,549.6105,390.9557,132.1643,132.0743,131.9243,0.1500
B-L12-1b,伸缩端,GYZF4 φ450×87,A12,L,1,G-L12-1,563.5894,417.3976,131.9609,131.8739,131.7232,0.1507
B-L12-2b,伸缩端,GYZF4 φ450×87,A12,L,2,G-L12-2,561.5972,418.8236,131.9028,131.8158,131.6653,0.1505
B-L12-3b,伸缩端,GYZF4 φ450×87,A12,L,3,G-L12-3,559.6049,420.2495,131.8447,131.7577,131.6074,0.1503
B-L12-4b,伸缩端,GYZF4 φ450×87,A12,L,4,G-L12-4,557.6126,421.6755,131.7866,131.6996,131.5494,0.1502
B-L12-5b,伸缩端,GYZF4 φ450×87,A12,L,5,G-L12-5,555.6204,423.1015,131.7285,131.6415,131.4915,0.1500
B-R12-1b,伸缩端,GYZF4 φ450×87,A12,R,1,G-R12-1,574.9737,409.2492,131.8011,131.7141,131.5621,0.1521
B-R12-2b,伸缩端,GYZF4 φ450×87,A12,R,2,G-R12-2,572.9815,410.6751,131.8229,131.7359,131.5844,0.1515
B-R12-3b,伸缩端,GYZF4 φ450×87,A12,R,3,G-R12-3,570.9892,412.1011,131.8447,131.7577,131.6066,0.1510
B-R12-4b,伸缩端,GYZF4 φ450×87,A12,R,4,G-R12-4,568.9970,413.5271,131.8664,131.7794,131.6289,0.1505
B-R12-5b,伸缩端,GYZF4 φ450×87,A12,R,5,G-R12-5,567.0047,414.9531,131.8882,131.8012,131.6512,0.1500
