id,name,class,deck,unit,span,start,work_finish,finish,work_hours,cure_hours,example_assumption,elements,removes,predecessors
Y001,预制 G-L01-1,precast,L,0,1,2026-11-16T08:00:00,2026-11-23T08:00:00,2026-11-23T08:00:00,0.0,0.0,False,,,
E001,架设 G-L01-1,girder,L,1,1,2026-12-07T08:00:00,2026-12-07T10:00:00,2026-12-07T10:00:00,2.0,0.0,False,G-L01-1,,Y001
Y002,预制 G-L01-2,precast,L,0,1,2026-11-16T08:00:00,2026-11-23T08:00:00,2026-11-23T08:00:00,0.0,0.0,False,,,
E002,架设 G-L01-2,girder,L,1,1,2026-12-07T10:00:00,2026-12-07T12:00:00,2026-12-07T12:00:00,2.0,0.0,False,G-L01-2,,Y002 E001
Y003,预制 G-L01-3,precast,L,0,1,2026-11-16T08:00:00,2026-11-23T08:00:00,2026-11-23T08:00:00,0.0,0.0,False,,,
E003,架设 G-L01-3,girder,L,1,1,2026-12-07T12:00:00,2026-12-07T14:00:00,2026-12-07T14:00:00,2.0,0.0,False,G-L01-3,,Y003 E002
Y004,预制 G-L01-4,precast,L,0,1,2026-11-17T08:00:00,2026-11-24T08:00:00,2026-11-24T08:00:00,0.0,0.0,False,,,
E004,架设 G-L01-4,girder,L,1,1,2026-12-07T14:00:00,2026-12-07T16:00:00,2026-12-07T16:00:00,2.0,0.0,False,G-L01-4,,Y004 E003
Y005,预制 G-L01-5,precast,L,0,1,2026-11-17T08:00:00,2026-11-24T08:00:00,2026-11-24T08:00:00,0.0,0.0,False,,,
E005,架设 G-L01-5,girder,L,1,1,2026-12-07T16:00:00,2026-12-07T18:00:00,2026-12-07T18:00:00,2.0,0.0,False,G-L01-5,,Y005 E004
Y006,预制 G-L02-1,precast,L,0,2,2026-11-18T08:00:00,2026-11-25T08:00:00,2026-11-25T08:00:00,0.0,0.0,False,,,
E006,架设 G-L02-1,girder,L,1,2,2026-12-08T14:00:00,2026-12-08T16:00:00,2026-12-08T16:00:00,2.0,0.0,False,G-L02-1,,Y006 E005
Y007,预制 G-L02-2,precast,L,0,2,2026-11-18T08:00:00,2026-11-25T08:00:00,2026-11-25T08:00:00,0.0,0.0,False,,,
E007,架设 G-L02-2,girder,L,1,2,2026-12-08T16:00:00,2026-12-08T18:00:00,2026-12-08T18:00:00,2.0,0.0,False,G-L02-2,,Y007 E006
Y008,预制 G-L02-3,precast,L,0,2,2026-11-19T08:00:00,2026-11-26T08:00:00,2026-11-26T08:00:00,0.0,0.0,False,,,
E008,架设 G-L02-3,girder,L,1,2,2026-12-09T08:00:00,2026-12-09T10:00:00,2026-12-09T10:00:00,2.0,0.0,False,G-L02-3,,Y008 E007
Y009,预制 G-L02-4,precast,L,0,2,2026-11-19T08:00:00,2026-11-26T08:00:00,2026-11-26T08:00:00,0.0,0.0,False,,,
E009,架设 G-L02-4,girder,L,1,2,2026-12-09T10:00:00,2026-12-09T12:00:00,2026-12-09T12:00:00,2.0,0.0,False,G-L02-4,,Y009 E008
Y010,预制 G-L02-5,precast,L,0,2,2026-11-19T08:00:00,2026-11-26T08:00:00,2026-11-26T08:00:00,0.0,0.0,False,,,
E010,架设 G-L02-5,girder,L,1,2,2026-12-09T12:00:00,2026-12-09T14:00:00,2026-12-09T14:00:00,2.0,0.0,False,G-L02-5,,Y010 E009
Y011,预制 G-L03-1,precast,L,0,3,2026-11-20T08:00:00,2026-11-27T08:00:00,2026-11-27T08:00:00,0.0,0.0,False,,,
E011,架设 G-L03-1,girder,L,1,3,2026-12-10T14:00:00,2026-12-10T16:00:00,2026-12-10T16:00:00,2.0,0.0,False,G-L03-1,,Y011 E010
Y012,预制 G-L03-2,precast,L,0,3,2026-11-20T08:00:00,2026-11-27T08:00:00,2026-11-27T08:00:00,0.0,0.0,False,,,
E012,架设 G-L03-2,girder,L,1,3,2026-12-10T16:00:00,2026-12-10T18:00:00,2026-12-10T18:00:00,2.0,0.0,False,G-L03-2,,Y012 E011
Y013,预制 G-L03-3,precast,L,0,3,2026-11-21T08:00:00,2026-11-28T08:00:00,2026-11-28T08:00:00,0.0,0.0,False,,,
E013,架设 G-L03-3,girder,L,1,3,2026-12-11T08:00:00,2026-12-11T10:00:00,2026-12-11T10:00:00,2.0,0.0,False,G-L03-3,,Y013 E012
Y014,预制 G-L03-4,precast,L,0,3,2026-11-21T08:00:00,2026-11-28T08:00:00,2026-11-28T08:00:00,0.0,0.0,False,,,
E014,架设 G-L03-4,girder,L,1,3,2026-12-11T10:00:00,2026-12-11T12:00:00,2026-12-11T12:00:00,2.0,0.0,False,G-L03-4,,Y014 E013
Y015,预制 G-L03-5,precast,L,0,3,2026-11-22T08:00:00,2026-11-29T08:00:00,2026-11-29T08:00:00,0.0,0.0,False,,,
E015,架设 G-L03-5,girder,L,1,3,2026-12-11T12:00:00,2026-12-11T14:00:00,2026-12-11T14:00:00,2.0,0.0,False,G-L03-5,,Y015 E014
Y016,预制 G-L04-1,precast,L,0,4,2026-11-22T08:00:00,2026-11-29T08:00:00,2026-11-29T08:00:00,0.0,0.0,False,,,
E016,架设 G-L04-1,girder,L,1,4,2026-12-12T14:00:00,2026-12-12T16:00:00,2026-12-12T16:00:00,2.0,0.0,False,G-L04-1,,Y016 E015
Y017,预制 G-L04-2,precast,L,0,4,2026-11-23T08:00:00,2026-11-30T08:00:00,2026-11-30T08:00:00,0.0,0.0,False,,,
E017,架设 G-L04-2,girder,L,1,4,2026-12-12T16:00:00,2026-12-12T18:00:00,2026-12-12T18:00:00,2.0,0.0,False,G-L04-2,,Y017 E016
Y018,预制 G-L04-3,precast,L,0,4,2026-11-23T08:00:00,2026-11-30T08:00:00,2026-11-30T08:00:00,0.0,0.0,False,,,
E018,架设 G-L04-3,girder,L,1,4,2026-12-13T08:00:00,2026-12-13T10:00:00,2026-12-13T10:00:00,2.0,0.0,False,G-L04-3,,Y018 E017
Y019,预制 G-L04-4,precast,L,0,4,2026-11-23T08:00:00,2026-11-30T08:00:00,2026-11-30T08:00:00,0.0,0.0,False,,,
E019,架设 G-L04-4,girder,L,1,4,2026-12-13T10:00:00,2026-12-13T12:00:00,2026-12-13T12:00:00,2.0,0.0,False,G-L04-4,,Y019 E018
Y020,预制 G-L04-5,precast,L,0,4,2026-11-24T08:00:00,2026-12-01T08:00:00,2026-12-01T08:00:00,0.0,0.0,False,,,
E020,架设 G-L04-5,girder,L,1,4,2026-12-13T12:00:00,2026-12-13T14:00:00,2026-12-13T14:00:00,2.0,0.0,False,G-L04-5,,Y020 E019
Y021,预制 G-L05-1,precast,L,0,5,2026-11-24T08:00:00,2026-12-01T08:00:00,2026-12-01T08:00:00,0.0,0.0,False,,,
E021,架设 G-L05-1,girder,L,2,5,2026-12-14T14:00:00,2026-12-14T16:00:00,2026-12-14T16:00:00,2.0,0.0,False,G-L05-1,,Y021 E020
Y022,预制 G-L05-2,precast,L,0,5,2026-11-25T08:00:00,2026-12-02T08:00:00,2026-12-02T08:00:00,0.0,0.0,False,,,
E022,架设 G-L05-2,girder,L,2,5,2026-12-14T16:00:00,2026-12-14T18:00:00,2026-12-14T18:00:00,2.0,0.0,False,G-L05-2,,Y022 E021
Y023,预制 G-L05-3,precast,L,0,5,2026-11-25T08:00:00,2026-12-02T08:00:00,2026-12-02T08:00:00,0.0,0.0,False,,,
E023,架设 G-L05-3,girder,L,2,5,2026-12-15T08:00:00,2026-12-15T10:00:00,2026-12-15T10:00:00,2.0,0.0,False,G-L05-3,,Y023 E022
Y024,预制 G-L05-4,precast,L,0,5,2026-11-26T08:00:00,2026-12-03T08:00:00,2026-12-03T08:00:00,0.0,0.0,False,,,
E024,架设 G-L05-4,girder,L,2,5,2026-12-15T10:00:00,2026-12-15T12:00:00,2026-12-15T12:00:00,2.0,0.0,False,G-L05-4,,Y024 E023
Y025,预制 G-L05-5,precast,L,0,5,2026-11-26T08:00:00,2026-12-03T08:00:00,2026-12-03T08:00:00,0.0,0.0,False,,,
E025,架设 G-L05-5,girder,L,2,5,2026-12-15T12:00:00,2026-12-15T14:00:00,2026-12-15T14:00:00,2.0,0.0,False,G-L05-5,,Y025 E024
Y026,预制 G-L06-1,precast,L,0,6,2026-11-26T08:00:00,2026-12-03T08:00:00,2026-12-03T08:00:00,0.0,0.0,False,,,
E026,架设 G-L06-1,girder,L,2,6,2026-12-16T14:00:00,2026-12-16T16:00:00,2026-12-16T16:00:00,2.0,0.0,False,G-L06-1,,Y026 E025
Y027,预制 G-L06-2,precast,L,0,6,2026-11-27T08:00:00,2026-12-04T08:00:00,2026-12-04T08:00:00,0.0,0.0,False,,,
E027,架设 G-L06-2,girder,L,2,6,2026-12-16T16:00:00,2026-12-16T18:00:00,2026-12-16T18:00:00,2.0,0.0,False,G-L06-2,,Y027 E026
Y028,预制 G-L06-3,precast,L,0,6,2026-11-27T08:00:00,2026-12-04T08:00:00,2026-12-04T08:00:00,0.0,0.0,False,,,
E028,架设 G-L06-3,girder,L,2,6,2026-12-17T08:00:00,2026-12-17T10:00:00,2026-12-17T10:00:00,2.0,0.0,False,G-L06-3,,Y028 E027
Y029,预制 G-L06-4,precast,L,0,6,2026-11-28T08:00:00,2026-12-05T08:00:00,2026-12-05T08:00:00,0.0,0.0,False,,,
E029,架设 G-L06-4,girder,L,2,6,2026-12-17T10:00:00,2026-12-17T12:00:00,2026-12-17T12:00:00,2.0,0.0,False,G-L06-4,,Y029 E028
Y030,预制 G-L06-5,precast,L,0,6,2026-11-28T08:00:00,2026-12-05T08:00:00,2026-12-05T08:00:00,0.0,0.0,False,,,
E030,架设 G-L06-5,girder,L,2,6,2026-12-17T12:00:00,2026-12-17T14:00:00,2026-12-17T14:00:00,2.0,0.0,False,G-L06-5,,Y030 E029
Y031,预制 G-L07-1,precast,L,0,7,2026-11-29T08:00:00,2026-12-06T08:00:00,2026-12-06T08:00:00,0.0,0.0,False,,,
E031,架设 G-L07-1,girder,L,2,7,2026-12-18T14:00:00,2026-12-18T16:00:00,2026-12-18T16:00:00,2.0,0.0,False,G-L07-1,,Y031 E030
Y032,预制 G-L07-2,precast,L,0,7,2026-11-29T08:00:00,2026-12-06T08:00:00,2026-12-06T08:00:00,0.0,0.0,False,,,
E032,架设 G-L07-2,girder,L,2,7,2026-12-18T16:00:00,2026-12-18T18:00:00,2026-12-18T18:00:00,2.0,0.0,False,G-L07-2,,Y032 E031
Y033,预制 G-L07-3,precast,L,0,7,2026-11-30T08:00:00,2026-12-07T08:00:00,2026-12-07T08:00:00,0.0,0.0,False,,,
E033,架设 G-L07-3,girder,L,2,7,2026-12-19T08:00:00,2026-12-19T10:00:00,2026-12-19T10:00:00,2.0,0.0,False,G-L07-3,,Y033 E032
Y034,预制 G-L07-4,precast,L,0,7,2026-11-30T08:00:00,2026-12-07T08:00:00,2026-12-07T08:00:00,0.0,0.0,False,,,
E034,架设 G-L07-4,girder,L,2,7,2026-12-19T10:00:00,2026-12-19T12:00:00,2026-12-19T12:00:00,2.0,0.0,False,G-L07-4,,Y034 E033
Y035,预制 G-L07-5,precast,L,0,7,2026-11-30T08:00:00,2026-12-07T08:00:00,2026-12-07T08:00:00,0.0,0.0,False,,,
E035,架设 G-L07-5,girder,L,2,7,2026-12-19T12:00:00,2026-12-19T14:00:00,2026-12-19T14:00:00,2.0,0.0,False,G-L07-5,,Y035 E034
Y036,预制 G-L08-1,precast,L,0,8,2026-12-01T08:00:00,2026-12-08T08:00:00,2026-12-08T08:00:00,0.0,0.0,False,,,
E036,架设 G-L08-1,girder,L,2,8,2026-12-20T14:00:00,2026-12-20T16:00:00,2026-12-20T16:00:00,2.0,0.0,False,G-L08-1,,Y036 E035
Y037,预制 G-L08-2,precast,L,0,8,2026-12-01T08:00:00,2026-12-08T08:00:00,2026-12-08T08:00:00,0.0,0.0,False,,,
E037,架设 G-L08-2,girder,L,2,8,2026-12-20T16:00:00,2026-12-20T18:00:00,2026-12-20T18:00:00,2.0,0.0,False,G-L08-2,,Y037 E036
Y038,预制 G-L08-3,precast,L,0,8,2026-12-02T08:00:00,2026-12-09T08:00:00,2026-12-09T08:00:00,0.0,0.0,False,,,
E038,架设 G-L08-3,girder,L,2,8,2026-12-21T08:00:00,2026-12-21T10:00:00,2026-12-21T10:00:00,2.0,0.0,False,G-L08-3,,Y038 E037
Y039,预制 G-L08-4,precast,L,0,8,2026-12-02T08:00:00,2026-12-09T08:00:00,2026-12-09T08:00:00,0.0,0.0,False,,,
E039,架设 G-L08-4,girder,L,2,8,2026-12-21T10:00:00,2026-12-21T12:00:00,2026-12-21T12:00:00,2.0,0.0,False,G-L08-4,,Y039 E038
Y040,预制 G-L08-5,precast,L,0,8,2026-12-03T08:00:00,2026-12-10T08:00:00,2026-12-10T08:00:00,0.0,0.0,False,,,
E040,架设 G-L08-5,girder,L,2,8,2026-12-21T12:00:00,2026-12-21T14:00:00,2026-12-21T14:00:00,2.0,0.0,False,G-L08-5,,Y040 E039
Y041,预制 G-L09-1,precast,L,0,9,2026-12-03T08:00:00,2026-12-10T08:00:00,2026-12-10T08:00:00,0.0,0.0,False,,,
E041,架设 G-L09-1,girder,L,3,9,2026-12-22T14:00:00,2026-12-22T16:00:00,2026-12-22T16:00:00,2.0,0.0,False,G-L09-1,,Y041 E040
Y042,预制 G-L09-2,precast,L,0,9,2026-12-03T08:00:00,2026-12-10T08:00:00,2026-12-10T08:00:00,0.0,0.0,False,,,
E042,架设 G-L09-2,girder,L,3,9,2026-12-22T16:00:00,2026-12-22T18:00:00,2026-12-22T18:00:00,2.0,0.0,False,G-L09-2,,Y042 E041
Y043,预制 G-L09-3,precast,L,0,9,2026-12-04T08:00:00,2026-12-11T08:00:00,2026-12-11T08:00:00,0.0,0.0,False,,,
E043,架设 G-L09-3,girder,L,3,9,2026-12-23T08:00:00,2026-12-23T10:00:00,2026-12-23T10:00:00,2.0,0.0,False,G-L09-3,,Y043 E042
Y044,预制 G-L09-4,precast,L,0,9,2026-12-04T08:00:00,2026-12-11T08:00:00,2026-12-11T08:00:00,0.0,0.0,False,,,
E044,架设 G-L09-4,girder,L,3,9,2026-12-23T10:00:00,2026-12-23T12:00:00,2026-12-23T12:00:00,2.0,0.0,False,G-L09-4,,Y044 E043
Y045,预制 G-L09-5,precast,L,0,9,2026-12-05T08:00:00,2026-12-12T08:00:00,2026-12-12T08:00:00,0.0,0.0,False,,,
E045,架设 G-L09-5,girder,L,3,9,2026-12-23T12:00:00,2026-12-23T14:00:00,2026-12-23T14:00:00,2.0,0.0,False,G-L09-5,,Y045 E044
Y046,预制 G-L10-1,precast,L,0,10,2026-12-05T08:00:00,2026-12-12T08:00:00,2026-12-12T08:00:00,0.0,0.0,False,,,
E046,架设 G-L10-1,girder,L,3,10,2026-12-24T14:00:00,2026-12-24T16:00:00,2026-12-24T16:00:00,2.0,0.0,False,G-L10-1,,Y046 E045
Y047,预制 G-L10-2,precast,L,0,10,2026-12-06T08:00:00,2026-12-13T08:00:00,2026-12-13T08:00:00,0.0,0.0,False,,,
E047,架设 G-L10-2,girder,L,3,10,2026-12-24T16:00:00,2026-12-24T18:00:00,2026-12-24T18:00:00,2.0,0.0,False,G-L10-2,,Y047 E046
Y048,预制 G-L10-3,precast,L,0,10,2026-12-06T08:00:00,2026-12-13T08:00:00,2026-12-13T08:00:00,0.0,0.0,False,,,
E048,架设 G-L10-3,girder,L,3,10,2026-12-25T08:00:00,2026-12-25T10:00:00,2026-12-25T10:00:00,2.0,0.0,False,G-L10-3,,Y048 E047
Y049,预制 G-L10-4,precast,L,0,10,2026-12-07T08:00:00,2026-12-14T08:00:00,2026-12-14T08:00:00,0.0,0.0,False,,,
E049,架设 G-L10-4,girder,L,3,10,2026-12-25T10:00:00,2026-12-25T12:00:00,2026-12-25T12:00:00,2.0,0.0,False,G-L10-4,,Y049 E048
Y050,预制 G-L10-5,precast,L,0,10,2026-12-07T08:00:00,2026-12-14T08:00:00,2026-12-14T08:00:00,0.0,0.0,False,,,
E050,架设 G-L10-5,girder,L,3,10,2026-12-25T12:00:00,2026-12-25T14:00:00,2026-12-25T14:00:00,2.0,0.0,False,G-L10-5,,Y050 E049
Y051,预制 G-L11-1,precast,L,0,11,2026-12-07T08:00:00,2026-12-14T08:00:00,2026-12-14T08:00:00,0.0,0.0,False,,,
E051,架设 G-L11-1,girder,L,3,11,2026-12-26T14:00:00,2026-12-26T16:00:00,2026-12-26T16:00:00,2.0,0.0,False,G-L11-1,,Y051 E050
Y052,预制 G-L11-2,precast,L,0,11,2026-12-08T08:00:00,2026-12-15T08:00:00,2026-12-15T08:00:00,0.0,0.0,False,,,
E052,架设 G-L11-2,girder,L,3,11,2026-12-26T16:00:00,2026-12-26T18:00:00,2026-12-26T18:00:00,2.0,0.0,False,G-L11-2,,Y052 E051
Y053,预制 G-L11-3,precast,L,0,11,2026-12-08T08:00:00,2026-12-15T08:00:00,2026-12-15T08:00:00,0.0,0.0,False,,,
E053,架设 G-L11-3,girder,L,3,11,2026-12-27T08:00:00,2026-12-27T10:00:00,2026-12-27T10:00:00,2.0,0.0,False,G-L11-3,,Y053 E052
Y054,预制 G-L11-4,precast,L,0,11,2026-12-09T08:00:00,2026-12-16T08:00:00,2026-12-16T08:00:00,0.0,0.0,False,,,
E054,架设 G-L11-4,girder,L,3,11,2026-12-27T10:00:00,2026-12-27T12:00:00,2026-12-27T12:00:00,2.0,0.0,False,G-L11-4,,Y054 E053
Y055,预制 G-L11-5,precast,L,0,11,2026-12-09T08:00:00,2026-12-16T08:00:00,2026-12-16T08:00:00,0.0,0.0,False,,,
E055,架设 G-L11-5,girder,L,3,11,2026-12-27T12:00:00,2026-12-27T14:00:00,2026-12-27T14:00:00,2.0,0.0,False,G-L11-5,,Y055 E054
Y056,预制 G-L12-1,precast,L,0,12,2026-12-10T08:00:00,2026-12-17T08:00:00,2026-12-17T08:00:00,0.0,0.0,False,,,
E056,架设 G-L12-1,girder,L,3,12,2026-12-28T14:00:00,2026-12-28T16:00:00,2026-12-28T16:00:00,2.0,0.0,False,G-L12-1,,Y056 E055
Y057,预制 G-L12-2,precast,L,0,12,2026-12-10T08:00:00,2026-12-17T08:00:00,2026-12-17T08:00:00,0.0,0.0,False,,,
E057,架设 G-L12-2,girder,L,3,12,2026-12-28T16:00:00,2026-12-28T18:00:00,2026-12-28T18:00:00,2.0,0.0,False,G-L12-2,,Y057 E056
Y058,预制 G-L12-3,precast,L,0,12,2026-12-10T08:00:00,2026-12-17T08:00:00,2026-12-17T08:00:00,0.0,0.0,False,,,
E058,架设 G-L12-3,girder,L,3,12,2026-12-29T08:00:00,2026-12-29T10:00:00,2026-12-29T10:00:00,2.0,0.0,False,G-L12-3,,Y058 E057
Y059,预制 G-L12-4,precast,L,0,12,2026-12-11T08:00:00,2026-12-18T08:00:00,2026-12-18T08:00:00,0.0,0.0,False,,,
E059,架设 G-L12-4,girder,L,3,12,2026-12-29T10:00:00,2026-12-29T12:00:00,2026-12-29T12:00:00,2.0,0.0,False,G-L12-4,,Y059 E058
Y060,预制 G-L12-5,precast,L,0,12,2026-12-11T08:00:00,2026-12-18T08:00:00,2026-12-18T08:00:00,0.0,0.0,False,,,
E060,架设 G-L12-5,girder,L,3,12,2026-12-29T12:00:00,2026-12-29T14:00:00,2026-12-29T14:00:00,2.0,0.0,False,G-L12-5,,Y060 E059
Y061,预制 G-R01-1,precast,R,0,1,2026-12-12T08:00:00,2026-12-19T08:00:00,2026-12-19T08:00:00,0.0,0.0,False,,,
E061,架设 G-R01-1,girder,R,1,1,2027-01-03T08:00:00,2027-01-03T10:00:00,2027-01-03T10:00:00,2.0,0.0,False,G-R01-1,,Y061 E060
Y062,预制 G-R01-2,precast,R,0,1,2026-12-12T08:00:00,2026-12-19T08:00:00,2026-12-19T08:00:00,0.0,0.0,False,,,
E062,架设 G-R01-2,girder,R,1,1,2027-01-03T10:00:00,2027-01-03T12:00:00,2027-01-03T12:00:00,2.0,0.0,False,G-R01-2,,Y062 E061
Y063,预制 G-R01-3,precast,R,0,1,2026-12-13T08:00:00,2026-12-20T08:00:00,2026-12-20T08:00:00,0.0,0.0,False,,,
E063,架设 G-R01-3,girder,R,1,1,2027-01-03T12:00:00,2027-01-03T14:00:00,2027-01-03T14:00:00,2.0,0.0,False,G-R01-3,,Y063 E062
Y064,预制 G-R01-4,precast,R,0,1,2026-12-13T08:00:00,2026-12-20T08:00:00,2026-12-20T08:00:00,0.0,0.0,False,,,
E064,架设 G-R01-4,girder,R,1,1,2027-01-03T14:00:00,2027-01-03T16:00:00,2027-01-03T16:00:00,2.0,0.0,False,G-R01-4,,Y064 E063
Y065,预制 G-R01-5,precast,R,0,1,2026-12-14T08:00:00,2026-12-21T08:00:00,2026-12-21T08:00:00,0.0,0.0,False,,,
E065,架设 G-R01-5,girder,R,1,1,2027-01-03T16:00:00,2027-01-03T18:00:00,2027-01-03T18:00:00,2.0,0.0,False,G-R01-5,,Y065 E064
Y066,预制 G-R02-1,precast,R,0,2,2026-12-14T08:00:00,2026-12-21T08:00:00,2026-12-21T08:00:00,0.0,0.0,False,,,
E066,架设 G-R02-1,girder,R,1,2,2027-01-04T14:00:00,2027-01-04T16:00:00,2027-01-04T16:00:00,2.0,0.0,False,G-R02-1,,Y066 E065
Y067,预制 G-R02-2,precast,R,0,2,2026-12-14T08:00:00,2026-12-21T08:00:00,2026-12-21T08:00:00,0.0,0.0,False,,,
E067,架设 G-R02-2,girder,R,1,2,2027-01-04T16:00:00,2027-01-04T18:00:00,2027-01-04T18:00:00,2.0,0.0,False,G-R02-2,,Y067 E066
Y068,预制 G-R02-3,precast,R,0,2,2026-12-15T08:00:00,2026-12-22T08:00:00,2026-12-22T08:00:00,0.0,0.0,False,,,
E068,架设 G-R02-3,girder,R,1,2,2027-01-05T08:00:00,2027-01-05T10:00:00,2027-01-05T10:00:00,2.0,0.0,False,G-R02-3,,Y068 E067
Y069,预制 G-R02-4,precast,R,0,2,2026-12-15T08:00:00,2026-12-22T08:00:00,2026-12-22T08:00:00,0.0,0.0,False,,,
E069,架设 G-R02-4,girder,R,1,2,2027-01-05T10:00:00,2027-01-05T12:00:00,2027-01-05T12:00:00,2.0,0.0,False,G-R02-4,,Y069 E068
Y070,预制 G-R02-5,precast,R,0,2,2026-12-16T08:00:00,2026-12-23T08:00:00,2026-12-23T08:00:00,0.0,0.0,False,,,
E070,架设 G-R02-5,girder,R,1,2,2027-01-05T12:00:00,2027-01-05T14:00:00,2027-01-05T14:00:00,2.0,0.0,False,G-R02-5,,Y070 E069
Y071,预制 G-R03-1,precast,R,0,3,2026-12-16T08:00:00,2026-12-23T08:00:00,2026-12-23T08:00:00,0.0,0.0,False,,,
E071,架设 G-R03-1,girder,R,1,3,2027-01-06T14:00:00,2027-01-06T16:00:00,2027-01-06T16:00:00,2.0,0.0,False,G-R03-1,,Y071 E070
Y072,预制 G-R03-2,precast,R,0,3,2026-12-17T08:00:00,2026-12-24T08:00:00,2026-12-24T08:00:00,0.0,0.0,False,,,
E072,架设 G-R03-2,girder,R,1,3,2027-01-06T16:00:00,2027-01-06T18:00:00,2027-01-06T18:00:00,2.0,0.0,False,G-R03-2,,Y072 E071
Y073,预制 G-R03-3,precast,R,0,3,2026-12-17T08:00:00,2026-12-24T08:00:00,2026-12-24T08:00:00,0.0,0.0,False,,,
E073,架设 G-R03-3,girder,R,1,3,2027-01-07T08:00:00,2027-01-07T10:00:00,2027-01-07T10:00:00,2.0,0.0,False,G-R03-3,,Y073 E072
Y074,预制 G-R03-4,precast,R,0,3,2026-12-17T08:00:00,2026-12-24T08:00:00,2026-12-24T08:00:00,0.0,0.0,False,,,
E074,架设 G-R03-4,girder,R,1,3,2027-01-07T10:00:00,2027-01-07T12:00:00,2027-01-07T12:00:00,2.0,0.0,False,G-R03-4,,Y074 E073
Y075,预制 G-R03-5,precast,R,0,3,2026-12-18T08:00:00,2026-12-25T08:00:00,2026-12-25T08:00:00,0.0,0.0,False,,,
E075,架设 G-R03-5,girder,R,1,3,2027-01-07T12:00:00,2027-01-07T14:00:00,2027-01-07T14:00:00,2.0,0.0,False,G-R03-5,,Y075 E074
Y076,预制 G-R04-1,precast,R,0,4,2026-12-18T08:00:00,2026-12-25T08:00:00,2026-12-25T08:00:00,0.0,0.0,False,,,
E076,架设 G-R04-1,girder,R,1,4,2027-01-08T14:00:00,2027-01-08T16:00:00,2027-01-08T16:00:00,2.0,0.0,False,G-R04-1,,Y076 E075
Y077,预制 G-R04-2,precast,R,0,4,2026-12-19T08:00:00,2026-12-26T08:00:00,2026-12-26T08:00:00,0.0,0.0,False,,,
E077,架设 G-R04-2,girder,R,1,4,2027-01-08T16:00:00,2027-01-08T18:00:00,2027-01-08T18:00:00,2.0,0.0,False,G-R04-2,,Y077 E076
Y078,预制 G-R04-3,precast,R,0,4,2026-12-19T08:00:00,2026-12-26T08:00:00,2026-12-26T08:00:00,0.0,0.0,False,,,
E078,架设 G-R04-3,girder,R,1,4,2027-01-09T08:00:00,2027-01-09T10:00:00,2027-01-09T10:00:00,2.0,0.0,False,G-R04-3,,Y078 E077
Y079,预制 G-R04-4,precast,R,0,4,2026-12-20T08:00:00,2026-12-27T08:00:00,2026-12-27T08:00:00,0.0,0.0,False,,,
E079,架设 G-R04-4,girder,R,1,4,2027-01-09T10:00:00,2027-01-09T12:00:00,2027-01-09T12:00:00,2.0,0.0,False,G-R04-4,,Y079 E078
Y080,预制 G-R04-5,precast,R,0,4,2026-12-20T08:00:00,2026-12-27T08:00:00,2026-12-27T08:00:00,0.0,0.0,False,,,
E080,架设 G-R04-5,girder,R,1,4,2027-01-09T12:00:00,2027-01-09T14:00:00,2027-01-09T14:00:00,2.0,0.0,False,G-R04-5,,Y080 E079
Y081,预制 G-R05-1,precast,R,0,5,2026-12-21T08:00:00,2026-12-28T08:00:00,2026-12-28T08:00:00,0.0,0.0,False,,,
E081,架设 G-R05-1,girder,R,2,5,2027-01-10T14:00:00,2027-01-10T16:00:00,2027-01-10T16:00:00,2.0,0.0,False,G-R05-1,,Y081 E080
Y082,预制 G-R05-2,precast,R,0,5,2026-12-21T08:00:00,2026-12-28T08:00:00,2026-12-28T08:00:00,0.0,0.0,False,,,
E082,架设 G-R05-2,girder,R,2,5,2027-01-10T16:00:00,2027-01-10T18:00:00,2027-01-10T18:00:00,2.0,0.0,False,G-R05-2,,Y082 E081
Y083,预制 G-R05-3,precast,R,0,5,2026-12-21T08:00:00,2026-12-28T08:00:00,2026-12-28T08:00:00,0.0,0.0,False,,,
E083,架设 G-R05-3,girder,R,2,5,2027-01-11T08:00:00,2027-01-11T10:00:00,2027-01-11T10:00:00,2.0,0.0,False,G-R05-3,,Y083 E082
Y084,预制 G-R05-4,precast,R,0,5,2026-12-22T08:00:00,2026-12-29T08:00:00,2026-12-29T08:00:00,0.0,0.0,False,,,
E084,架设 G-R05-4,girder,R,2,5,2027-01-11T10:00:00,2027-01-11T12:00:00,2027-01-11T12:00:00,2.0,0.0,False,G-R05-4,,Y084 E083
Y085,预制 G-R05-5,precast,R,0,5,2026-12-22T08:00:00,2026-12-29T08:00:00,2026-12-29T08:00:00,0.0,0.0,False,,,
E085,架设 G-R05-5,girder,R,2,5,2027-01-11T12:00:00,2027-01-11T14:00:00,2027-01-11T14:00:00,2.0,0.0,False,G-R05-5,,Y085 E084
Y086,预制 G-R06-1,precast,R,0,6,2026-12-23T08:00:00,2026-12-30T08:00:00,2026-12-30T08:00:00,0.0,0.0,False,,,
E086,架设 G-R06-1,girder,R,2,6,2027-01-12T14:00:00,2027-01-12T16:00:00,2027-01-12T16:00:00,2.0,0.0,False,G-R06-1,,Y086 E085
Y087,预制 G-R06-2,precast,R,0,6,2026-12-23T08:00:00,2026-12-30T08:00:00,2026-12-30T08:00:00,0.0,0.0,False,,,
E087,架设 G-R06-2,girder,R,2,6,2027-01-12T16:00:00,2027-01-12T18:00:00,2027-01-12T18:00:00,2.0,0.0,False,G-R06-2,,Y087 E086
Y088,预制 G-R06-3,precast,R,0,6,2026-12-24T08:00:00,2026-12-31T08:00:00,2026-12-31T08:00:00,0.0,0.0,False,,,
E088,架设 G-R06-3,girder,R,2,6,2027-01-13T08:00:00,2027-01-13T10:00:00,2027-01-13T10:00:00,2.0,0.0,False,G-R06-3,,Y088 E087
Y089,预制 G-R06-4,precast,R,0,6,2026-12-24T08:00:00,2026-12-31T08:00:00,2026-12-31T08:00:00,0.0,0.0,False,,,
E089,架设 G-R06-4,girder,R,2,6,2027-01-13T10:00:00,2027-01-13T12:00:00,2027-01-13T12:00:00,2.0,0.0,False,G-R06-4,,Y089 E088
Y090,预制 G-R06-5,precast,R,0,6,2026-12-24T08:00:00,2026-12-31T08:00:00,2026-12-31T08:00:00,0.0,0.0,False,,,
E090,架设 G-R06-5,girder,R,2,6,2027-01-13T12:00:00,2027-01-13T14:00:00,2027-01-13T14:00:00,2.0,0.0,False,G-R06-5,,Y090 E089
Y091,预制 G-R07-1,precast,R,0,7,2026-12-25T08:00:00,2027-01-01T08:00:00,2027-01-01T08:00:00,0.0,0.0,False,,,
E091,架设 G-R07-1,girder,R,2,7,2027-01-14T14:00:00,2027-01-14T16:00:00,2027-01-14T16:00:00,2.0,0.0,False,G-R07-1,,Y091 E090
Y092,预制 G-R07-2,precast,R,0,7,2026-12-25T08:00:00,2027-01-01T08:00:00,2027-01-01T08:00:00,0.0,0.0,False,,,
E092,架设 G-R07-2,girder,R,2,7,2027-01-14T16:00:00,2027-01-14T18:00:00,2027-01-14T18:00:00,2.0,0.0,False,G-R07-2,,Y092 E091
Y093,预制 G-R07-3,precast,R,0,7,2026-12-26T08:00:00,2027-01-02T08:00:00,2027-01-02T08:00:00,0.0,0.0,False,,,
E093,架设 G-R07-3,girder,R,2,7,2027-01-15T08:00:00,2027-01-15T10:00:00,2027-01-15T10:00:00,2.0,0.0,False,G-R07-3,,Y093 E092
Y094,预制 G-R07-4,precast,R,0,7,2026-12-26T08:00:00,2027-01-02T08:00:00,2027-01-02T08:00:00,0.0,0.0,False,,,
E094,架设 G-R07-4,girder,R,2,7,2027-01-15T10:00:00,2027-01-15T12:00:00,2027-01-15T12:00:00,2.0,0.0,False,G-R07-4,,Y094 E093
Y095,预制 G-R07-5,precast,R,0,7,2026-12-27T08:00:00,2027-01-03T08:00:00,2027-01-03T08:00:00,0.0,0.0,False,,,
E095,架设 G-R07-5,girder,R,2,7,2027-01-15T12:00:00,2027-01-15T14:00:00,2027-01-15T14:00:00,2.0,0.0,False,G-R07-5,,Y095 E094
Y096,预制 G-R08-1,precast,R,0,8,2026-12-27T08:00:00,2027-01-03T08:00:00,2027-01-03T08:00:00,0.0,0.0,False,,,
E096,架设 G-R08-1,girder,R,2,8,2027-01-16T14:00:00,2027-01-16T16:00:00,2027-01-16T16:00:00,2.0,0.0,False,G-R08-1,,Y096 E095
Y097,预制 G-R08-2,precast,R,0,8,2026-12-28T08:00:00,2027-01-04T08:00:00,2027-01-04T08:00:00,0.0,0.0,False,,,
E097,架设 G-R08-2,girder,R,2,8,2027-01-16T16:00:00,2027-01-16T18:00:00,2027-01-16T18:00:00,2.0,0.0,False,G-R08-2,,Y097 E096
Y098,预制 G-R08-3,precast,R,0,8,2026-12-28T08:00:00,2027-01-04T08:00:00,2027-01-04T08:00:00,0.0,0.0,False,,,
E098,架设 G-R08-3,girder,R,2,8,2027-01-17T08:00:00,2027-01-17T10:00:00,2027-01-17T10:00:00,2.0,0.0,False,G-R08-3,,Y098 E097
Y099,预制 G-R08-4,precast,R,0,8,2026-12-28T08:00:00,2027-01-04T08:00:00,2027-01-04T08:00:00,0.0,0.0,False,,,
E099,架设 G-R08-4,girder,R,2,8,2027-01-17T10:00:00,2027-01-17T12:00:00,2027-01-17T12:00:00,2.0,0.0,False,G-R08-4,,Y099 E098
Y100,预制 G-R08-5,precast,R,0,8,2026-12-29T08:00:00,2027-01-05T08:00:00,2027-01-05T08:00:00,0.0,0.0,False,,,
E100,架设 G-R08-5,girder,R,2,8,2027-01-17T12:00:00,2027-01-17T14:00:00,2027-01-17T14:00:00,2.0,0.0,False,G-R08-5,,Y100 E099
Y101,预制 G-R09-1,precast,R,0,9,2026-12-29T08:00:00,2027-01-05T08:00:00,2027-01-05T08:00:00,0.0,0.0,False,,,
E101,架设 G-R09-1,girder,R,3,9,2027-01-18T14:00:00,2027-01-18T16:00:00,2027-01-18T16:00:00,2.0,0.0,False,G-R09-1,,Y101 E100
Y102,预制 G-R09-2,precast,R,0,9,2026-12-30T08:00:00,2027-01-06T08:00:00,2027-01-06T08:00:00,0.0,0.0,False,,,
E102,架设 G-R09-2,girder,R,3,9,2027-01-18T16:00:00,2027-01-18T18:00:00,2027-01-18T18:00:00,2.0,0.0,False,G-R09-2,,Y102 E101
Y103,预制 G-R09-3,precast,R,0,9,2026-12-30T08:00:00,2027-01-06T08:00:00,2027-01-06T08:00:00,0.0,0.0,False,,,
E103,架设 G-R09-3,girder,R,3,9,2027-01-19T08:00:00,2027-01-19T10:00:00,2027-01-19T10:00:00,2.0,0.0,False,G-R09-3,,Y103 E102
Y104,预制 G-R09-4,precast,R,0,9,2026-12-31T08:00:00,2027-01-07T08:00:00,2027-01-07T08:00:00,0.0,0.0,False,,,
E104,架设 G-R09-4,girder,R,3,9,2027-01-19T10:00:00,2027-01-19T12:00:00,2027-01-19T12:00:00,2.0,0.0,False,G-R09-4,,Y104 E103
Y105,预制 G-R09-5,precast,R,0,9,2026-12-31T08:00:00,2027-01-07T08:00:00,2027-01-07T08:00:00,0.0,0.0,False,,,
E105,架设 G-R09-5,girder,R,3,9,2027-01-19T12:00:00,2027-01-19T14:00:00,2027-01-19T14:00:00,2.0,0.0,False,G-R09-5,,Y105 E104
Y106,预制 G-R10-1,precast,R,0,10,2026-12-31T08:00:00,2027-01-07T08:00:00,2027-01-07T08:00:00,0.0,0.0,False,,,
E106,架设 G-R10-1,girder,R,3,10,2027-01-20T14:00:00,2027-01-20T16:00:00,2027-01-20T16:00:00,2.0,0.0,False,G-R10-1,,Y106 E105
Y107,预制 G-R10-2,precast,R,0,10,2027-01-01T08:00:00,2027-01-08T08:00:00,2027-01-08T08:00:00,0.0,0.0,False,,,
E107,架设 G-R10-2,girder,R,3,10,2027-01-20T16:00:00,2027-01-20T18:00:00,2027-01-20T18:00:00,2.0,0.0,False,G-R10-2,,Y107 E106
Y108,预制 G-R10-3,precast,R,0,10,2027-01-01T08:00:00,2027-01-08T08:00:00,2027-01-08T08:00:00,0.0,0.0,False,,,
E108,架设 G-R10-3,girder,R,3,10,2027-01-21T08:00:00,2027-01-21T10:00:00,2027-01-21T10:00:00,2.0,0.0,False,G-R10-3,,Y108 E107
Y109,预制 G-R10-4,precast,R,0,10,2027-01-02T08:00:00,2027-01-09T08:00:00,2027-01-09T08:00:00,0.0,0.0,False,,,
E109,架设 G-R10-4,girder,R,3,10,2027-01-21T10:00:00,2027-01-21T12:00:00,2027-01-21T12:00:00,2.0,0.0,False,G-R10-4,,Y109 E108
Y110,预制 G-R10-5,precast,R,0,10,2027-01-02T08:00:00,2027-01-09T08:00:00,2027-01-09T08:00:00,0.0,0.0,False,,,
E110,架设 G-R10-5,girder,R,3,10,2027-01-21T12:00:00,2027-01-21T14:00:00,2027-01-21T14:00:00,2.0,0.0,False,G-R10-5,,Y110 E109
Y111,预制 G-R11-1,precast,R,0,11,2027-01-03T08:00:00,2027-01-10T08:00:00,2027-01-10T08:00:00,0.0,0.0,False,,,
E111,架设 G-R11-1,girder,R,3,11,2027-01-22T14:00:00,2027-01-22T16:00:00,2027-01-22T16:00:00,2.0,0.0,False,G-R11-1,,Y111 E110
Y112,预制 G-R11-2,precast,R,0,11,2027-01-03T08:00:00,2027-01-10T08:00:00,2027-01-10T08:00:00,0.0,0.0,False,,,
E112,架设 G-R11-2,girder,R,3,11,2027-01-22T16:00:00,2027-01-22T18:00:00,2027-01-22T18:00:00,2.0,0.0,False,G-R11-2,,Y112 E111
Y113,预制 G-R11-3,precast,R,0,11,2027-01-04T08:00:00,2027-01-11T08:00:00,2027-01-11T08:00:00,0.0,0.0,False,,,
E113,架设 G-R11-3,girder,R,3,11,2027-01-23T08:00:00,2027-01-23T10:00:00,2027-01-23T10:00:00,2.0,0.0,False,G-R11-3,,Y113 E112
Y114,预制 G-R11-4,precast,R,0,11,2027-01-04T08:00:00,2027-01-11T08:00:00,2027-01-11T08:00:00,0.0,0.0,False,,,
E114,架设 G-R11-4,girder,R,3,11,2027-01-23T10:00:00,2027-01-23T12:00:00,2027-01-23T12:00:00,2.0,0.0,False,G-R11-4,,Y114 E113
Y115,预制 G-R11-5,precast,R,0,11,2027-01-04T08:00:00,2027-01-11T08:00:00,2027-01-11T08:00:00,0.0,0.0,False,,,
E115,架设 G-R11-5,girder,R,3,11,2027-01-23T12:00:00,2027-01-23T14:00:00,2027-01-23T14:00:00,2.0,0.0,False,G-R11-5,,Y115 E114
Y116,预制 G-R12-1,precast,R,0,12,2027-01-05T08:00:00,2027-01-12T08:00:00,2027-01-12T08:00:00,0.0,0.0,False,,,
E116,架设 G-R12-1,girder,R,3,12,2027-01-24T14:00:00,2027-01-24T16:00:00,2027-01-24T16:00:00,2.0,0.0,False,G-R12-1,,Y116 E115
Y117,预制 G-R12-2,precast,R,0,12,2027-01-05T08:00:00,2027-01-12T08:00:00,2027-01-12T08:00:00,0.0,0.0,False,,,
E117,架设 G-R12-2,girder,R,3,12,2027-01-24T16:00:00,2027-01-24T18:00:00,2027-01-24T18:00:00,2.0,0.0,False,G-R12-2,,Y117 E116
Y118,预制 G-R12-3,precast,R,0,12,2027-01-06T08:00:00,2027-01-13T08:00:00,2027-01-13T08:00:00,0.0,0.0,False,,,
E118,架设 G-R12-3,girder,R,3,12,2027-01-25T08:00:00,2027-01-25T10:00:00,2027-01-25T10:00:00,2.0,0.0,False,G-R12-3,,Y118 E117
Y119,预制 G-R12-4,precast,R,0,12,2027-01-06T08:00:00,2027-01-13T08:00:00,2027-01-13T08:00:00,0.0,0.0,False,,,
E119,架设 G-R12-4,girder,R,3,12,2027-01-25T10:00:00,2027-01-25T12:00:00,2027-01-25T12:00:00,2.0,0.0,False,G-R12-4,,Y119 E118
Y120,预制 G-R12-5,precast,R,0,12,2027-01-07T08:00:00,2027-01-14T08:00:00,2027-01-14T08:00:00,0.0,0.0,False,,,
E120,架设 G-R12-5,girder,R,3,12,2027-01-25T12:00:00,2027-01-25T14:00:00,2027-01-25T14:00:00,2.0,0.0,False,G-R12-5,,Y120 E119
F-diaphragm-L01,横隔板 L01,diaphragm,L,1,1,2026-12-08T08:00:00,2026-12-08T12:00:00,2026-12-10T12:00:00,4.0,48.0,True,D-L01-11 D-L01-12 D-L01-13 D-L01-14 D-L01-15 D-L01-21 D-L01-22 D-L01-23 D-L01-24 D-L01-25 D-L01-31 D-L01-32 D-L01-33 D-L01-34 D-L01-35 D-L01-41 D-L01-42 D-L01-43 D-L01-44 D-L01-45,,E001 E002 E003 E004 E005
F-wet_joint-L01,湿接缝 L01,wet_joint,L,1,1,2026-12-10T12:00:00,2026-12-10T16:00:00,2026-12-12T16:00:00,4.0,48.0,True,WJ-L01-1 WJ-L01-2 WJ-L01-3 WJ-L01-4,,F-diaphragm-L01
F-cantilever-L01,翼缘现浇段 L01,cantilever,L,1,1,2026-12-12T16:00:00,2026-12-13T10:00:00,2026-12-15T10:00:00,4.0,48.0,True,CT-L01-1 CT-L01-2,,F-wet_joint-L01
F-diaphragm-L02,横隔板 L02,diaphragm,L,1,2,2026-12-09T14:00:00,2026-12-09T18:00:00,2026-12-11T18:00:00,4.0,48.0,True,D-L02-11 D-L02-12 D-L02-13 D-L02-14 D-L02-15 D-L02-21 D-L02-22 D-L02-23 D-L02-24 D-L02-25 D-L02-31 D-L02-32 D-L02-33 D-L02-34 D-L02-35 D-L02-41 D-L02-42 D-L02-43 D-L02-44 D-L02-45,,E006 E007 E008 E009 E010
F-wet_joint-L02,湿接缝 L02,wet_joint,L,1,2,2026-12-12T08:00:00,2026-12-12T12:00:00,2026-12-14T12:00:00,4.0,48.0,True,WJ-L02-1 WJ-L02-2 WJ-L02-3 WJ-L02-4,,F-diaphragm-L02
F-cantilever-L02,翼缘现浇段 L02,cantilever,L,1,2,2026-12-14T12:00:00,2026-12-14T16:00:00,2026-12-16T16:00:00,4.0,48.0,True,CT-L02-1 CT-L02-2,,F-wet_joint-L02
F-diaphragm-L03,横隔板 L03,diaphragm,L,1,3,2026-12-11T14:00:00,2026-12-11T18:00:00,2026-12-13T18:00:00,4.0,48.0,True,D-L03-11 D-L03-12 D-L03-13 D-L03-14 D-L03-15 D-L03-21 D-L03-22 D-L03-23 D-L03-24 D-L03-25 D-L03-31 D-L03-32 D-L03-33 D-L03-34 D-L03-35 D-L03-41 D-L03-42 D-L03-43 D-L03-44 D-L03-45,,E011 E012 E013 E014 E015
F-wet_joint-L03,湿接缝 L03,wet_joint,L,1,3,2026-12-14T08:00:00,2026-12-14T12:00:00,2026-12-16T12:00:00,4.0,48.0,True,WJ-L03-1 WJ-L03-2 WJ-L03-3 WJ-L03-4,,F-diaphragm-L03
F-cantilever-L03,翼缘现浇段 L03,cantilever,L,1,3,2026-12-16T12:00:00,2026-12-16T16:00:00,2026-12-18T16:00:00,4.0,48.0,True,CT-L03-1 CT-L03-2,,F-wet_joint-L03
F-diaphragm-L04,横隔板 L04,diaphragm,L,1,4,2026-12-13T14:00:00,2026-12-13T18:00:00,2026-12-15T18:00:00,4.0,48.0,True,D-L04-11 D-L04-12 D-L04-13 D-L04-14 D-L04-15 D-L04-21 D-L04-22 D-L04-23 D-L04-24 D-L04-25 D-L04-31 D-L04-32 D-L04-33 D-L04-34 D-L04-35 D-L04-41 D-L04-42 D-L04-43 D-L04-44 D-L04-45,,E016 E017 E018 E019 E020
F-wet_joint-L04,湿接缝 L04,wet_joint,L,1,4,2026-12-16T08:00:00,2026-12-16T12:00:00,2026-12-18T12:00:00,4.0,48.0,True,WJ-L04-1 WJ-L04-2 WJ-L04-3 WJ-L04-4,,F-diaphragm-L04
F-cantilever-L04,翼缘现浇段 L04,cantilever,L,1,4,2026-12-18T12:00:00,2026-12-18T16:00:00,2026-12-20T16:00:00,4.0,48.0,True,CT-L04-1 CT-L04-2,,F-wet_joint-L04
F-diaphragm-L05,横隔板 L05,diaphragm,L,2,5,2026-12-15T14:00:00,2026-12-15T18:00:00,2026-12-17T18:00:00,4.0,48.0,True,D-L05-11 D-L05-12 D-L05-13 D-L05-14 D-L05-15 D-L05-21 D-L05-22 D-L05-23 D-L05-24 D-L05-25 D-L05-31 D-L05-32 D-L05-33 D-L05-34 D-L05-35 D-L05-41 D-L05-42 D-L05-43 D-L05-44 D-L05-45,,E021 E022 E023 E024 E025
F-wet_joint-L05,湿接缝 L05,wet_joint,L,2,5,2026-12-18T08:00:00,2026-12-18T12:00:00,2026-12-20T12:00:00,4.0,48.0,True,WJ-L05-1 WJ-L05-2 WJ-L05-3 WJ-L05-4,,F-diaphragm-L05
F-cantilever-L05,翼缘现浇段 L05,cantilever,L,2,5,2026-12-20T12:00:00,2026-12-20T16:00:00,2026-12-22T16:00:00,4.0,48.0,True,CT-L05-1 CT-L05-2,,F-wet_joint-L05
F-diaphragm-L06,横隔板 L06,diaphragm,L,2,6,2026-12-17T14:00:00,2026-12-17T18:00:00,2026-12-19T18:00:00,4.0,48.0,True,D-L06-11 D-L06-12 D-L06-13 D-L06-14 D-L06-15 D-L06-21 D-L06-22 D-L06-23 D-L06-24 D-L06-25 D-L06-31 D-L06-32 D-L06-33 D-L06-34 D-L06-35 D-L06-41 D-L06-42 D-L06-43 D-L06-44 D-L06-45,,E026 E027 E028 E029 E030
F-wet_joint-L06,湿接缝 L06,wet_joint,L,2,6,2026-12-20T08:00:00,2026-12-20T12:00:00,2026-12-22T12:00:00,4.0,48.0,True,WJ-L06-1 WJ-L06-2 WJ-L06-3 WJ-L06-4,,F-diaphragm-L06
F-cantilever-L06,翼缘现浇段 L06,cantilever,L,2,6,2026-12-22T12:00:00,2026-12-22T16:00:00,2026-12-24T16:00:00,4.0,48.0,True,CT-L06-1 CT-L06-2,,F-wet_joint-L06
F-diaphragm-L07,横隔板 L07,diaphragm,L,2,7,2026-12-19T14:00:00,2026-12-19T18:00:00,2026-12-21T18:00:00,4.0,48.0,True,D-L07-11 D-L07-12 D-L07-13 D-L07-14 D-L07-15 D-L07-21 D-L07-22 D-L07-23 D-L07-24 D-L07-25 D-L07-31 D-L07-32 D-L07-33 D-L07-34 D-L07-35 D-L07-41 D-L07-42 D-L07-43 D-L07-44 D-L07-45,,E031 E032 E033 E034 E035
F-wet_joint-L07,湿接缝 L07,wet_joint,L,2,7,2026-12-22T08:00:00,2026-12-22T12:00:00,2026-12-24T12:00:00,4.0,48.0,True,WJ-L07-1 WJ-L07-2 WJ-L07-3 WJ-L07-4,,F-diaphragm-L07
F-cantilever-L07,翼缘现浇段 L07,cantilever,L,2,7,2026-12-24T12:00:00,2026-12-24T16:00:00,2026-12-26T16:00:00,4.0,48.0,True,CT-L07-1 CT-L07-2,,F-wet_joint-L07
F-diaphragm-L08,横隔板 L08,diaphragm,L,2,8,2026-12-21T14:00:00,2026-12-21T18:00:00,2026-12-23T18:00:00,4.0,48.0,True,D-L08-11 D-L08-12 D-L08-13 D-L08-14 D-L08-15 D-L08-21 D-L08-22 D-L08-23 D-L08-24 D-L08-25 D-L08-31 D-L08-32 D-L08-33 D-L08-34 D-L08-35 D-L08-41 D-L08-42 D-L08-43 D-L08-44 D-L08-45,,E036 E037 E038 E039 E040
F-wet_joint-L08,湿接缝 L08,wet_joint,L,2,8,2026-12-24T08:00:00,2026-12-24T12:00:00,2026-12-26T12:00:00,4.0,48.0,True,WJ-L08-1 WJ-L08-2 WJ-L08-3 WJ-L08-4,,F-diaphragm-L08
F-cantilever-L08,翼缘现浇段 L08,cantilever,L,2,8,2026-12-26T12:00:00,2026-12-26T16:00:00,2026-12-28T16:00:00,4.0,48.0,True,CT-L08-1 CT-L08-2,,F-wet_joint-L08
F-diaphragm-L09,横隔板 L09,diaphragm,L,3,9,2026-12-23T14:00:00,2026-12-23T18:00:00,2026-12-25T18:00:00,4.0,48.0,True,D-L09-11 D-L09-12 D-L09-13 D-L09-14 D-L09-15 D-L09-21 D-L09-22 D-L09-23 D-L09-24 D-L09-25 D-L09-31 D-L09-32 D-L09-33 D-L09-34 D-L09-35 D-L09-41 D-L09-42 D-L09-43 D-L09-44 D-L09-45,,E041 E042 E043 E044 E045
F-wet_joint-L09,湿接缝 L09,wet_joint,L,3,9,2026-12-26T08:00:00,2026-12-26T12:00:00,2026-12-28T12:00:00,4.0,48.0,True,WJ-L09-1 WJ-L09-2 WJ-L09-3 WJ-L09-4,,F-diaphragm-L09
F-cantilever-L09,翼缘现浇段 L09,cantilever,L,3,9,2026-12-28T12:00:00,2026-12-28T16:00:00,2026-12-30T16:00:00,4.0,48.0,True,CT-L09-1 CT-L09-2,,F-wet_joint-L09
F-diaphragm-L10,横隔板 L10,diaphragm,L,3,10,2026-12-25T14:00:00,2026-12-25T18:00:00,2026-12-27T18:00:00,4.0,48.0,True,D-L10-11 D-L10-12 D-L10-13 D-L10-14 D-L10-15 D-L10-21 D-L10-22 D-L10-23 D-L10-24 D-L10-25 D-L10-31 D-L10-32 D-L10-33 D-L10-34 D-L10-35 D-L10-41 D-L10-42 D-L10-43 D-L10-44 D-L10-45,,E046 E047 E048 E049 E050
F-wet_joint-L10,湿接缝 L10,wet_joint,L,3,10,2026-12-28T08:00:00,2026-12-28T12:00:00,2026-12-30T12:00:00,4.0,48.0,True,WJ-L10-1 WJ-L10-2 WJ-L10-3 WJ-L10-4,,F-diaphragm-L10
F-cantilever-L10,翼缘现浇段 L10,cantilever,L,3,10,2026-12-30T12:00:00,2026-12-30T16:00:00,2027-01-01T16:00:00,4.0,48.0,True,CT-L10-1 CT-L10-2,,F-wet_joint-L10
F-diaphragm-L11,横隔板 L11,diaphragm,L,3,11,2026-12-27T14:00:00,2026-12-27T18:00:00,2026-12-29T18:00:00,4.0,48.0,True,D-L11-11 D-L11-12 D-L11-13 D-L11-14 D-L11-15 D-L11-21 D-L11-22 D-L11-23 D-L11-24 D-L11-25 D-L11-31 D-L11-32 D-L11-33 D-L11-34 D-L11-35 D-L11-41 D-L11-42 D-L11-43 D-L11-44 D-L11-45,,E051 E052 E053 E054 E055
F-wet_joint-L11,湿接缝 L11,wet_joint,L,3,11,2026-12-30T08:00:00,2026-12-30T12:00:00,2027-01-01T12:00:00,4.0,48.0,True,WJ-L11-1 WJ-L11-2 WJ-L11-3 WJ-L11-4,,F-diaphragm-L11
F-cantilever-L11,翼缘现浇段 L11,cantilever,L,3,11,2027-01-01T12:00:00,2027-01-01T16:00:00,2027-01-03T16:00:00,4.0,48.0,True,CT-L11-1 CT-L11-2,,F-wet_joint-L11
F-diaphragm-L12,横隔板 L12,diaphragm,L,3,12,2026-12-29T14:00:00,2026-12-29T18:00:00,2026-12-31T18:00:00,4.0,48.0,True,D-L12-11 D-L12-12 D-L12-13 D-L12-14 D-L12-15 D-L12-21 D-L12-22 D-L12-23 D-L12-24 D-L12-25 D-L12-31 D-L12-32 D-L12-33 D-L12-34 D-L12-35 D-L12-41 D-L12-42 D-L12-43 D-L12-44 D-L12-45,,E056 E057 E058 E059 E060
F-wet_joint-L12,湿接缝 L12,wet_joint,L,3,12,2027-01-01T08:00:00,2027-01-01T12:00:00,2027-01-03T12:00:00,4.0,48.0,True,WJ-L12-1 WJ-L12-2 WJ-L12-3 WJ-L12-4,,F-diaphragm-L12
F-cantilever-L12,翼缘现浇段 L12,cantilever,L,3,12,2027-01-03T12:00:00,2027-01-03T16:00:00,2027-01-05T16:00:00,4.0,48.0,True,CT-L12-1 CT-L12-2,,F-wet_joint-L12
F-diaphragm-R01,横隔板 R01,diaphragm,R,1,1,2027-01-04T08:00:00,2027-01-04T12:00:00,2027-01-06T12:00:00,4.0,48.0,True,D-R01-11 D-R01-12 D-R01-13 D-R01-14 D-R01-15 D-R01-21 D-R01-22 D-R01-23 D-R01-24 D-R01-25 D-R01-31 D-R01-32 D-R01-33 D-R01-34 D-R01-35 D-R01-41 D-R01-42 D-R01-43 D-R01-44 D-R01-45,,E061 E062 E063 E064 E065
F-wet_joint-R01,湿接缝 R01,wet_joint,R,1,1,2027-01-06T12:00:00,2027-01-06T16:00:00,2027-01-08T16:00:00,4.0,48.0,True,WJ-R01-1 WJ-R01-2 WJ-R01-3 WJ-R01-4,,F-diaphragm-R01
F-cantilever-R01,翼缘现浇段 R01,cantilever,R,1,1,2027-01-08T16:00:00,2027-01-09T10:00:00,2027-01-11T10:00:00,4.0,48.0,True,CT-R01-1 CT-R01-2,,F-wet_joint-R01
F-diaphragm-R02,横隔板 R02,diaphragm,R,1,2,2027-01-05T14:00:00,2027-01-05T18:00:00,2027-01-07T18:00:00,4.0,48.0,True,D-R02-11 D-R02-12 D-R02-13 D-R02-14 D-R02-15 D-R02-21 D-R02-22 D-R02-23 D-R02-24 D-R02-25 D-R02-31 D-R02-32 D-R02-33 D-R02-34 D-R02-35 D-R02-41 D-R02-42 D-R02-43 D-R02-44 D-R02-45,,E066 E067 E068 E069 E070
F-wet_joint-R02,湿接缝 R02,wet_joint,R,1,2,2027-01-08T08:00:00,2027-01-08T12:00:00,2027-01-10T12:00:00,4.0,48.0,True,WJ-R02-1 WJ-R02-2 WJ-R02-3 WJ-R02-4,,F-diaphragm-R02
F-cantilever-R02,翼缘现浇段 R02,cantilever,R,1,2,2027-01-10T12:00:00,2027-01-10T16:00:00,2027-01-12T16:00:00,4.0,48.0,True,CT-R02-1 CT-R02-2,,F-wet_joint-R02
F-diaphragm-R03,横隔板 R03,diaphragm,R,1,3,2027-01-07T14:00:00,2027-01-07T18:00:00,2027-01-09T18:00:00,4.0,48.0,True,D-R03-11 D-R03-12 D-R03-13 D-R03-14 D-R03-15 D-R03-21 D-R03-22 D-R03-23 D-R03-24 D-R03-25 D-R03-31 D-R03-32 D-R03-33 D-R03-34 D-R03-35 D-R03-41 D-R03-42 D-R03-43 D-R03-44 D-R03-45,,E071 E072 E073 E074 E075
F-wet_joint-R03,湿接缝 R03,wet_joint,R,1,3,2027-01-10T08:00:00,2027-01-10T12:00:00,2027-01-12T12:00:00,4.0,48.0,True,WJ-R03-1 WJ-R03-2 WJ-R03-3 WJ-R03-4,,F-diaphragm-R03
F-cantilever-R03,翼缘现浇段 R03,cantilever,R,1,3,2027-01-12T12:00:00,2027-01-12T16:00:00,2027-01-14T16:00:00,4.0,48.0,True,CT-R03-1 CT-R03-2,,F-wet_joint-R03
F-diaphragm-R04,横隔板 R04,diaphragm,R,1,4,2027-01-09T14:00:00,2027-01-09T18:00:00,2027-01-11T18:00:00,4.0,48.0,True,D-R04-11 D-R04-12 D-R04-13 D-R04-14 D-R04-15 D-R04-21 D-R04-22 D-R04-23 D-R04-24 D-R04-25 D-R04-31 D-R04-32 D-R04-33 D-R04-34 D-R04-35 D-R04-41 D-R04-42 D-R04-43 D-R04-44 D-R04-45,,E076 E077 E078 E079 E080
F-wet_joint-R04,湿接缝 R04,wet_joint,R,1,4,2027-01-12T08:00:00,2027-01-12T12:00:00,2027-01-14T12:00:00,4.0,48.0,True,WJ-R04-1 WJ-R04-2 WJ-R04-3 WJ-R04-4,,F-diaphragm-R04
F-cantilever-R04,翼缘现浇段 R04,cantilever,R,1,4,2027-01-14T12:00:00,2027-01-14T16:00:00,2027-01-16T16:00:00,4.0,48.0,True,CT-R04-1 CT-R04-2,,F-wet_joint-R04
F-diaphragm-R05,横隔板 R05,diaphragm,R,2,5,2027-01-11T14:00:00,2027-01-11T18:00:00,2027-01-13T18:00:00,4.0,48.0,True,D-R05-11 D-R05-12 D-R05-13 D-R05-14 D-R05-15 D-R05-21 D-R05-22 D-R05-23 D-R05-24 D-R05-25 D-R05-31 D-R05-32 D-R05-33 D-R05-34 D-R05-35 D-R05-41 D-R05-42 D-R05-43 D-R05-44 D-R05-45,,E081 E082 E083 E084 E085
F-wet_joint-R05,湿接缝 R05,wet_joint,R,2,5,2027-01-14T08:00:00,2027-01-14T12:00:00,2027-01-16T12:00:00,4.0,48.0,True,WJ-R05-1 WJ-R05-2 WJ-R05-3 WJ-R05-4,,F-diaphragm-R05
F-cantilever-R05,翼缘现浇段 R05,cantilever,R,2,5,2027-01-16T12:00:00,2027-01-16T16:00:00,2027-01-18T16:00:00,4.0,48.0,True,CT-R05-1 CT-R05-2,,F-wet_joint-R05
F-diaphragm-R06,横隔板 R06,diaphragm,R,2,6,2027-01-13T14:00:00,2027-01-13T18:00:00,2027-01-15T18:00:00,4.0,48.0,True,D-R06-11 D-R06-12 D-R06-13 D-R06-14 D-R06-15 D-R06-21 D-R06-22 D-R06-23 D-R06-24 D-R06-25 D-R06-31 D-R06-32 D-R06-33 D-R06-34 D-R06-35 D-R06-41 D-R06-42 D-R06-43 D-R06-44 D-R06-45,,E086 E087 E088 E089 E090
F-wet_joint-R06,湿接缝 R06,wet_joint,R,2,6,2027-01-16T08:00:00,2027-01-16T12:00:00,2027-01-18T12:00:00,4.0,48.0,True,WJ-R06-1 WJ-R06-2 WJ-R06-3 WJ-R06-4,,F-diaphragm-R06
F-cantilever-R06,翼缘现浇段 R06,cantilever,R,2,6,2027-01-18T12:00:00,2027-01-18T16:00:00,2027-01-20T16:00:00,4.0,48.0,True,CT-R06-1 CT-R06-2,,F-wet_joint-R06
F-diaphragm-R07,横隔板 R07,diaphragm,R,2,7,2027-01-15T14:00:00,2027-01-15T18:00:00,2027-01-17T18:00:00,4.0,48.0,True,D-R07-11 D-R07-12 D-R07-13 D-R07-14 D-R07-15 D-R07-21 D-R07-22 D-R07-23 D-R07-24 D-R07-25 D-R07-31 D-R07-32 D-R07-33 D-R07-34 D-R07-35 D-R07-41 D-R07-42 D-R07-43 D-R07-44 D-R07-45,,E091 E092 E093 E094 E095
F-wet_joint-R07,湿接缝 R07,wet_joint,R,2,7,2027-01-18T08:00:00,2027-01-18T12:00:00,2027-01-20T12:00:00,4.0,48.0,True,WJ-R07-1 WJ-R07-2 WJ-R07-3 WJ-R07-4,,F-diaphragm-R07
F-cantilever-R07,翼缘现浇段 R07,cantilever,R,2,7,2027-01-20T12:00:00,2027-01-20T16:00:00,2027-01-22T16:00:00,4.0,48.0,True,CT-R07-1 CT-R07-2,,F-wet_joint-R07
F-diaphragm-R08,横隔板 R08,diaphragm,R,2,8,2027-01-17T14:00:00,2027-01-17T18:00:00,2027-01-19T18:00:00,4.0,48.0,True,D-R08-11 D-R08-12 D-R08-13 D-R08-14 D-R08-15 D-R08-21 D-R08-22 D-R08-23 D-R08-24 D-R08-25 D-R08-31 D-R08-32 D-R08-33 D-R08-34 D-R08-35 D-R08-41 D-R08-42 D-R08-43 D-R08-44 D-R08-45,,E096 E097 E098 E099 E100
F-wet_joint-R08,湿接缝 R08,wet_joint,R,2,8,2027-01-20T08:00:00,2027-01-20T12:00:00,2027-01-22T12:00:00,4.0,48.0,True,WJ-R08-1 WJ-R08-2 WJ-R08-3 WJ-R08-4,,F-diaphragm-R08
F-cantilever-R08,翼缘现浇段 R08,cantilever,R,2,8,2027-01-22T12:00:00,2027-01-22T16:00:00,2027-01-24T16:00:00,4.0,48.0,True,CT-R08-1 CT-R08-2,,F-wet_joint-R08
F-diaphragm-R09,横隔板 R09,diaphragm,R,3,9,2027-01-19T14:00:00,2027-01-19T18:00:00,2027-01-21T18:00:00,4.0,48.0,True,D-R09-11 D-R09-12 D-R09-13 D-R09-14 D-R09-15 D-R09-21 D-R09-22 D-R09-23 D-R09-24 D-R09-25 D-R09-31 D-R09-32 D-R09-33 D-R09-34 D-R09-35 D-R09-41 D-R09-42 D-R09-43 D-R09-44 D-R09-45,,E101 E102 E103 E104 E105
F-wet_joint-R09,湿接缝 R09,wet_joint,R,3,9,2027-01-22T08:00:00,2027-01-22T12:00:00,2027-01-24T12:00:00,4.0,48.0,True,WJ-R09-1 WJ-R09-2 WJ-R09-3 WJ-R09-4,,F-diaphragm-R09
F-cantilever-R09,翼缘现浇段 R09,cantilever,R,3,9,2027-01-24T12:00:00,2027-01-24T16:00:00,2027-01-26T16:00:00,4.0,48.0,True,CT-R09-1 CT-R09-2,,F-wet_joint-R09
F-diaphragm-R10,横隔板 R10,diaphragm,R,3,10,2027-01-21T14:00:00,2027-01-21T18:00:00,2027-01-23T18:00:00,4.0,48.0,True,D-R10-11 D-R10-12 D-R10-13 D-R10-14 D-R10-15 D-R10-21 D-R10-22 D-R10-23 D-R10-24 D-R10-25 D-R10-31 D-R10-32 D-R10-33 D-R10-34 D-R10-35 D-R10-41 D-R10-42 D-R10-43 D-R10-44 D-R10-45,,E106 E107 E108 E109 E110
F-wet_joint-R10,湿接缝 R10,wet_joint,R,3,10,2027-01-24T08:00:00,2027-01-24T12:00:00,2027-01-26T12:00:00,4.0,48.0,True,WJ-R10-1 WJ-R10-2 WJ-R10-3 WJ-R10-4,,F-diaphragm-R10
F-cantilever-R10,翼缘现浇段 R10,cantilever,R,3,10,2027-01-26T12:00:00,2027-01-26T16:00:00,2027-01-28T16:00:00,4.0,48.0,True,CT-R10-1 CT-R10-2,,F-wet_joint-R10
F-diaphragm-R11,横隔板 R11,diaphragm,R,3,11,2027-01-23T14:00:00,2027-01-23T18:00:00,2027-01-25T18:00:00,4.0,48.0,True,D-R11-11 D-R11-12 D-R11-13 D-R11-14 D-R11-15 D-R11-21 D-R11-22 D-R11-23 D-R11-24 D-R11-25 D-R11-31 D-R11-32 D-R11-33 D-R11-34 D-R11-35 D-R11-41 D-R11-42 D-R11-43 D-R11-44 D-R11-45,,E111 E112 E113 E114 E115
F-wet_joint-R11,湿接缝 R11,wet_joint,R,3,11,2027-01-26T08:00:00,2027-01-26T12:00:00,2027-01-28T12:00:00,4.0,48.0,True,WJ-R11-1 WJ-R11-2 WJ-R11-3 WJ-R11-4,,F-diaphragm-R11
F-cantilever-R11,翼缘现浇段 R11,cantilever,R,3,11,2027-01-28T12:00:00,2027-01-28T16:00:00,2027-01-30T16:00:00,4.0,48.0,True,CT-R11-1 CT-R11-2,,F-wet_joint-R11
F-diaphragm-R12,横隔板 R12,diaphragm,R,3,12,2027-01-25T14:00:00,2027-01-25T18:00:00,2027-01-27T18:00:00,4.0,48.0,True,D-R12-11 D-R12-12 D-R12-13 D-R12-14 D-R12-15 D-R12-21 D-R12-22 D-R12-23 D-R12-24 D-R12-25 D-R12-31 D-R12-32 D-R12-33 D-R12-34 D-R12-35 D-R12-41 D-R12-42 D-R12-43 D-R12-44 D-R12-45,,E116 E117 E118 E119 E120
F-wet_joint-R12,湿接缝 R12,wet_joint,R,3,12,2027-01-28T08:00:00,2027-01-28T12:00:00,2027-01-30T12:00:00,4.0,48.0,True,WJ-R12-1 WJ-R12-2 WJ-R12-3 WJ-R12-4,,F-diaphragm-R12
F-cantilever-R12,翼缘现浇段 R12,cantilever,R,3,12,2027-01-30T12:00:00,2027-01-30T16:00:00,2027-02-01T16:00:00,4.0,48.0,True,CT-R12-1 CT-R12-2,,F-wet_joint-R12
C-L1-1,浇筑墩顶连续段 L第1联,continuity,L,1,0,2026-12-20T16:00:00,2026-12-21T16:00:00,2026-12-28T16:00:00,10.0,168.0,True,CS-P01-L CS-P02-L CS-P03-L,,F-cantilever-L01 F-cantilever-L02 F-cantilever-L03 F-cantilever-L04
C-L1-2,体系转换 L第1联,conversion,L,1,0,2026-12-28T16:00:00,2026-12-28T18:00:00,2026-12-28T18:00:00,2.0,0.0,True,,TS-L01-1b TS-L01-2b TS-L01-3b TS-L01-4b TS-L01-5b TS-L02-1a TS-L02-2a TS-L02-3a TS-L02-4a TS-L02-5a TS-L02-1b TS-L02-2b TS-L02-3b TS-L02-4b TS-L02-5b TS-L03-1a TS-L03-2a TS-L03-3a TS-L03-4a TS-L03-5a TS-L03-1b TS-L03-2b TS-L03-3b TS-L03-4b TS-L03-5b TS-L04-1a TS-L04-2a TS-L04-3a TS-L04-4a TS-L04-5a,C-L1-1
F-pavement-L1,桥面铺装 L第1联,pavement,L,1,0,2026-12-29T08:00:00,2026-12-30T18:00:00,2027-01-02T18:00:00,20.0,72.0,True,PV-L01 PV-L02 PV-L03 PV-L04,,C-L1-2
F-barrier-L1,护栏 L第1联,barrier,L,1,0,2027-01-03T08:00:00,2027-01-04T18:00:00,2027-01-07T18:00:00,20.0,72.0,True,BR-L01-1 BR-L01-2 BR-L02-1 BR-L02-2 BR-L03-1 BR-L03-2 BR-L04-1 BR-L04-2,,F-pavement-L1
C-L2-1,浇筑墩顶连续段 L第2联,continuity,L,2,0,2026-12-28T16:00:00,2026-12-29T16:00:00,2027-01-05T16:00:00,10.0,168.0,True,CS-P05-L CS-P06-L CS-P07-L,,F-cantilever-L05 F-cantilever-L06 F-cantilever-L07 F-cantilever-L08
C-L2-2,体系转换 L第2联,conversion,L,2,0,2027-01-05T16:00:00,2027-01-05T18:00:00,2027-01-05T18:00:00,2.0,0.0,True,,TS-L05-1b TS-L05-2b TS-L05-3b TS-L05-4b TS-L05-5b TS-L06-1a TS-L06-2a TS-L06-3a TS-L06-4a TS-L06-5a TS-L06-1b TS-L06-2b TS-L06-3b TS-L06-4b TS-L06-5b TS-L07-1a TS-L07-2a TS-L07-3a TS-L07-4a TS-L07-5a TS-L07-1b TS-L07-2b TS-L07-3b TS-L07-4b TS-L07-5b TS-L08-1a TS-L08-2a TS-L08-3a TS-L08-4a TS-L08-5a,C-L2-1
F-pavement-L2,桥面铺装 L第2联,pavement,L,2,0,2027-01-06T08:00:00,2027-01-07T18:00:00,2027-01-10T18:00:00,20.0,72.0,True,PV-L05 PV-L06 PV-L07 PV-L08,,C-L2-2
F-barrier-L2,护栏 L第2联,barrier,L,2,0,2027-01-11T08:00:00,2027-01-12T18:00:00,2027-01-15T18:00:00,20.0,72.0,True,BR-L05-1 BR-L05-2 BR-L06-1 BR-L06-2 BR-L07-1 BR-L07-2 BR-L08-1 BR-L08-2,,F-pavement-L2
C-L3-1,浇筑墩顶连续段 L第3联,continuity,L,3,0,2027-01-05T16:00:00,2027-01-06T16:00:00,2027-01-13T16:00:00,10.0,168.0,True,CS-P09-L CS-P10-L CS-P11-L,,F-cantilever-L09 F-cantilever-L10 F-cantilever-L11 F-cantilever-L12
C-L3-2,体系转换 L第3联,conversion,L,3,0,2027-01-13T16:00:00,2027-01-13T18:00:00,2027-01-13T18:00:00,2.0,0.0,True,,TS-L09-1b TS-L09-2b TS-L09-3b TS-L09-4b TS-L09-5b TS-L10-1a TS-L10-2a TS-L10-3a TS-L10-4a TS-L10-5a TS-L10-1b TS-L10-2b TS-L10-3b TS-L10-4b TS-L10-5b TS-L11-1a TS-L11-2a TS-L11-3a TS-L11-4a TS-L11-5a TS-L11-1b TS-L11-2b TS-L11-3b TS-L11-4b TS-L11-5b TS-L12-1a TS-L12-2a TS-L12-3a TS-L12-4a TS-L12-5a,C-L3-1
F-pavement-L3,桥面铺装 L第3联,pavement,L,3,0,2027-01-14T08:00:00,2027-01-15T18:00:00,2027-01-18T18:00:00,20.0,72.0,True,PV-L09 PV-L10 PV-L11 PV-L12,,C-L3-2
F-barrier-L3,护栏 L第3联,barrier,L,3,0,2027-01-19T08:00:00,2027-01-20T18:00:00,2027-01-23T18:00:00,20.0,72.0,True,BR-L09-1 BR-L09-2 BR-L10-1 BR-L10-2 BR-L11-1 BR-L11-2 BR-L12-1 BR-L12-2,,F-pavement-L3
C-R1-1,浇筑墩顶连续段 R第1联,continuity,R,1,0,2027-01-16T16:00:00,2027-01-17T16:00:00,2027-01-24T16:00:00,10.0,168.0,True,CS-P01-R CS-P02-R CS-P03-R,,F-cantilever-R01 F-cantilever-R02 F-cantilever-R03 F-cantilever-R04
C-R1-2,体系转换 R第1联,conversion,R,1,0,2027-01-24T16:00:00,2027-01-24T18:00:00,2027-01-24T18:00:00,2.0,0.0,True,,TS-R01-1b TS-R01-2b TS-R01-3b TS-R01-4b TS-R01-5b TS-R02-1a TS-R02-2a TS-R02-3a TS-R02-4a TS-R02-5a TS-R02-1b TS-R02-2b TS-R02-3b TS-R02-4b TS-R02-5b TS-R03-1a TS-R03-2a TS-R03-3a TS-R03-4a TS-R03-5a TS-R03-1b TS-R03-2b TS-R03-3b TS-R03-4b TS-R03-5b TS-R04-1a TS-R04-2a TS-R04-3a TS-R04-4a TS-R04-5a,C-R1-1
F-pavement-R1,桥面铺装 R第1联,pavement,R,1,0,2027-01-25T08:00:00,2027-01-26T18:00:00,2027-01-29T18:00:00,20.0,72.0,True,PV-R01 PV-R02 PV-R03 PV-R04,,C-R1-2
F-barrier-R1,护栏 R第1联,barrier,R,1,0,2027-01-30T08:00:00,2027-01-31T18:00:00,2027-02-03T18:00:00,20.0,72.0,True,BR-R01-1 BR-R01-2 BR-R02-1 BR-R02-2 BR-R03-1 BR-R03-2 BR-R04-1 BR-R04-2,,F-pavement-R1
C-R2-1,浇筑墩顶连续段 R第2联,continuity,R,2,0,2027-01-24T16:00:00,2027-01-25T16:00:00,2027-02-01T16:00:00,10.0,168.0,True,CS-P05-R CS-P06-R CS-P07-R,,F-cantilever-R05 F-cantilever-R06 F-cantilever-R07 F-cantilever-R08
C-R2-2,体系转换 R第2联,conversion,R,2,0,2027-02-01T16:00:00,2027-02-01T18:00:00,2027-02-01T18:00:00,2.0,0.0,True,,TS-R05-1b TS-R05-2b TS-R05-3b TS-R05-4b TS-R05-5b TS-R06-1a TS-R06-2a TS-R06-3a TS-R06-4a TS-R06-5a TS-R06-1b TS-R06-2b TS-R06-3b TS-R06-4b TS-R06-5b TS-R07-1a TS-R07-2a TS-R07-3a TS-R07-4a TS-R07-5a TS-R07-1b TS-R07-2b TS-R07-3b TS-R07-4b TS-R07-5b TS-R08-1a TS-R08-2a TS-R08-3a TS-R08-4a TS-R08-5a,C-R2-1
F-pavement-R2,桥面铺装 R第2联,pavement,R,2,0,2027-02-02T08:00:00,2027-02-03T18:00:00,2027-02-06T18:00:00,20.0,72.0,True,PV-R05 PV-R06 PV-R07 PV-R08,,C-R2-2
F-barrier-R2,护栏 R第2联,barrier,R,2,0,2027-02-07T08:00:00,2027-02-08T18:00:00,2027-02-11T18:00:00,20.0,72.0,True,BR-R05-1 BR-R05-2 BR-R06-1 BR-R06-2 BR-R07-1 BR-R07-2 BR-R08-1 BR-R08-2,,F-pavement-R2
C-R3-1,浇筑墩顶连续段 R第3联,continuity,R,3,0,2027-02-01T16:00:00,2027-02-02T16:00:00,2027-02-09T16:00:00,10.0,168.0,True,CS-P09-R CS-P10-R CS-P11-R,,F-cantilever-R09 F-cantilever-R10 F-cantilever-R11 F-cantilever-R12
C-R3-2,体系转换 R第3联,conversion,R,3,0,2027-02-09T16:00:00,2027-02-09T18:00:00,2027-02-09T18:00:00,2.0,0.0,True,,TS-R09-1b TS-R09-2b TS-R09-3b TS-R09-4b TS-R09-5b TS-R10-1a TS-R10-2a TS-R10-3a TS-R10-4a TS-R10-5a TS-R10-1b TS-R10-2b TS-R10-3b TS-R10-4b TS-R10-5b TS-R11-1a TS-R11-2a TS-R11-3a TS-R11-4a TS-R11-5a TS-R11-1b TS-R11-2b TS-R11-3b TS-R11-4b TS-R11-5b TS-R12-1a TS-R12-2a TS-R12-3a TS-R12-4a TS-R12-5a,C-R3-1
F-pavement-R3,桥面铺装 R第3联,pavement,R,3,0,2027-02-10T08:00:00,2027-02-11T18:00:00,2027-02-14T18:00:00,20.0,72.0,True,PV-R09 PV-R10 PV-R11 PV-R12,,C-R3-2
F-barrier-R3,护栏 R第3联,barrier,R,3,0,2027-02-15T08:00:00,2027-02-16T18:00:00,2027-02-19T18:00:00,20.0,72.0,True,BR-R09-1 BR-R09-2 BR-R10-1 BR-R10-2 BR-R11-1 BR-R11-2 BR-R12-1 BR-R12-2,,F-pavement-R3
F-EJ-A00-L,安装伸缩装置 EJ-A00-L,expansion_joint,L,0,0,2027-01-08T08:00:00,2027-01-08T12:00:00,2027-01-08T12:00:00,4.0,0.0,True,EJ-A00-L,,F-barrier-L1
F-EJ-A00-R,安装伸缩装置 EJ-A00-R,expansion_joint,R,0,0,2027-02-04T08:00:00,2027-02-04T12:00:00,2027-02-04T12:00:00,4.0,0.0,True,EJ-A00-R,,F-barrier-R1
F-EJ-P04-L,安装伸缩装置 EJ-P04-L,expansion_joint,L,0,0,2027-01-16T08:00:00,2027-01-16T12:00:00,2027-01-16T12:00:00,4.0,0.0,True,EJ-P04-L,,F-barrier-L1 F-barrier-L2
F-EJ-P04-R,安装伸缩装置 EJ-P04-R,expansion_joint,R,0,0,2027-02-12T08:00:00,2027-02-12T12:00:00,2027-02-12T12:00:00,4.0,0.0,True,EJ-P04-R,,F-barrier-R1 F-barrier-R2
F-EJ-P08-L,安装伸缩装置 EJ-P08-L,expansion_joint,L,0,0,2027-01-24T08:00:00,2027-01-24T12:00:00,2027-01-24T12:00:00,4.0,0.0,True,EJ-P08-L,,F-barrier-L2 F-barrier-L3
F-EJ-P08-R,安装伸缩装置 EJ-P08-R,expansion_joint,R,0,0,2027-02-20T08:00:00,2027-02-20T12:00:00,2027-02-20T12:00:00,4.0,0.0,True,EJ-P08-R,,F-barrier-R2 F-barrier-R3
F-EJ-A12-L,安装伸缩装置 EJ-A12-L,expansion_joint,L,0,0,2027-01-24T12:00:00,2027-01-24T16:00:00,2027-01-24T16:00:00,4.0,0.0,True,EJ-A12-L,,F-barrier-L3
F-EJ-A12-R,安装伸缩装置 EJ-A12-R,expansion_joint,R,0,0,2027-02-20T12:00:00,2027-02-20T16:00:00,2027-02-20T16:00:00,4.0,0.0,True,EJ-A12-R,,F-barrier-R3
