eid,class,part,deck,volume_m3
G-L01-1,girder,SUP-L,L,24.6344
G-L01-2,girder,SUP-L,L,24.6346
G-L01-3,girder,SUP-L,L,24.6347
G-L01-4,girder,SUP-L,L,24.4845
G-L01-5,girder,SUP-L,L,24.4846
WJ-L01-1,wet_joint,SUP-L,L,2.7925
WJ-L01-2,wet_joint,SUP-L,L,2.7924
WJ-L01-3,wet_joint,SUP-L,L,2.7839
WJ-L01-4,wet_joint,SUP-L,L,2.7754
CT-L01-1,cantilever,SUP-L,L,2.8062
CT-L01-2,cantilever,SUP-L,L,2.3705
PV-L01,pavement,SUP-L,L,70.2949
BR-L01-1,barrier,SUP-L,L,19.4643
BR-L01-2,barrier,SUP-L,L,19.3247
G-L02-1,girder,SUP-L,L,24.3091
G-L02-2,girder,SUP-L,L,24.3092
G-L02-3,girder,SUP-L,L,24.3094
G-L02-4,girder,SUP-L,L,24.0505
G-L02-5,girder,SUP-L,L,24.0506
WJ-L02-1,wet_joint,SUP-L,L,2.7564
WJ-L02-2,wet_joint,SUP-L,L,2.7562
WJ-L02-3,wet_joint,SUP-L,L,2.7416
WJ-L02-4,wet_joint,SUP-L,L,2.7269
CT-L02-1,cantilever,SUP-L,L,2.9121
CT-L02-2,cantilever,SUP-L,L,2.1890
PV-L02,pavement,SUP-L,L,70.1918
BR-L02-1,barrier,SUP-L,L,19.4837
BR-L02-2,barrier,SUP-L,L,19.2510
G-L03-1,girder,SUP-L,L,24.3102
G-L03-2,girder,SUP-L,L,24.3103
G-L03-3,girder,SUP-L,L,24.0513
G-L03-4,girder,SUP-L,L,24.0513
G-L03-5,girder,SUP-L,L,24.0514
WJ-L03-1,wet_joint,SUP-L,L,2.7682
WJ-L03-2,wet_joint,SUP-L,L,2.7535
WJ-L03-3,wet_joint,SUP-L,L,2.7387
WJ-L03-4,wet_joint,SUP-L,L,2.7385
CT-L03-1,cantilever,SUP-L,L,3.0476
CT-L03-2,cantilever,SUP-L,L,2.0594
PV-L03,pavement,SUP-L,L,69.9461
BR-L03-1,barrier,SUP-L,L,19.4773
BR-L03-2,barrier,SUP-L,L,19.1567
G-L04-1,girder,SUP-L,L,24.6370
G-L04-2,girder,SUP-L,L,24.4866
G-L04-3,girder,SUP-L,L,24.4866
G-L04-4,girder,SUP-L,L,24.3111
G-L04-5,girder,SUP-L,L,24.3111
WJ-L04-1,wet_joint,SUP-L,L,2.8213
WJ-L04-2,wet_joint,SUP-L,L,2.8127
WJ-L04-3,wet_joint,SUP-L,L,2.8026
WJ-L04-4,wet_joint,SUP-L,L,2.7925
CT-L04-1,cantilever,SUP-L,L,3.1088
CT-L04-2,cantilever,SUP-L,L,2.0603
PV-L04,pavement,SUP-L,L,69.6884
BR-L04-1,barrier,SUP-L,L,19.4496
BR-L04-2,barrier,SUP-L,L,19.1083
G-L05-1,girder,SUP-L,L,24.6375
G-L05-2,girder,SUP-L,L,24.4871
G-L05-3,girder,SUP-L,L,24.4871
G-L05-4,girder,SUP-L,L,24.3116
G-L05-5,girder,SUP-L,L,24.3116
WJ-L05-1,wet_joint,SUP-L,L,2.8204
WJ-L05-2,wet_joint,SUP-L,L,2.8118
WJ-L05-3,wet_joint,SUP-L,L,2.8017
WJ-L05-4,wet_joint,SUP-L,L,2.7917
CT-L05-1,cantilever,SUP-L,L,3.1089
CT-L05-2,cantilever,SUP-L,L,2.0604
PV-L05,pavement,SUP-L,L,69.6928
BR-L05-1,barrier,SUP-L,L,19.4496
BR-L05-2,barrier,SUP-L,L,19.1083
G-L06-1,girder,SUP-L,L,24.3119
G-L06-2,girder,SUP-L,L,24.3119
G-L06-3,girder,SUP-L,L,24.0528
G-L06-4,girder,SUP-L,L,24.0528
G-L06-5,girder,SUP-L,L,24.0528
WJ-L06-1,wet_joint,SUP-L,L,2.7908
WJ-L06-2,wet_joint,SUP-L,L,2.7759
WJ-L06-3,wet_joint,SUP-L,L,2.7610
WJ-L06-4,wet_joint,SUP-L,L,2.7610
CT-L06-1,cantilever,SUP-L,L,3.0744
CT-L06-2,cantilever,SUP-L,L,2.0333
PV-L06,pavement,SUP-L,L,69.7912
BR-L06-1,barrier,SUP-L,L,19.4756
BR-L06-2,barrier,SUP-L,L,19.1344
G-L07-1,girder,SUP-L,L,24.3120
G-L07-2,girder,SUP-L,L,24.3120
G-L07-3,girder,SUP-L,L,24.0529
G-L07-4,girder,SUP-L,L,24.0529
G-L07-5,girder,SUP-L,L,24.0529
WJ-L07-1,wet_joint,SUP-L,L,2.7899
WJ-L07-2,wet_joint,SUP-L,L,2.7750
WJ-L07-3,wet_joint,SUP-L,L,2.7601
WJ-L07-4,wet_joint,SUP-L,L,2.7601
CT-L07-1,cantilever,SUP-L,L,3.0744
CT-L07-2,cantilever,SUP-L,L,2.0334
PV-L07,pavement,SUP-L,L,69.7957
BR-L07-1,barrier,SUP-L,L,19.4756
BR-L07-2,barrier,SUP-L,L,19.1344
G-L08-1,girder,SUP-L,L,24.6378
G-L08-2,girder,SUP-L,L,24.4873
G-L08-3,girder,SUP-L,L,24.4873
G-L08-4,girder,SUP-L,L,24.3118
G-L08-5,girder,SUP-L,L,24.3118
WJ-L08-1,wet_joint,SUP-L,L,2.8177
WJ-L08-2,wet_joint,SUP-L,L,2.8091
WJ-L08-3,wet_joint,SUP-L,L,2.7990
WJ-L08-4,wet_joint,SUP-L,L,2.7889
CT-L08-1,cantilever,SUP-L,L,3.1091
CT-L08-2,cantilever,SUP-L,L,2.0604
PV-L08,pavement,SUP-L,L,69.7061
BR-L08-1,barrier,SUP-L,L,19.4496
BR-L08-2,barrier,SUP-L,L,19.1084
G-L09-1,girder,SUP-L,L,24.6374
G-L09-2,girder,SUP-L,L,24.4870
G-L09-3,girder,SUP-L,L,24.4869
G-L09-4,girder,SUP-L,L,24.3114
G-L09-5,girder,SUP-L,L,24.3114
WJ-L09-1,wet_joint,SUP-L,L,2.8168
WJ-L09-2,wet_joint,SUP-L,L,2.8081
WJ-L09-3,wet_joint,SUP-L,L,2.7980
WJ-L09-4,wet_joint,SUP-L,L,2.7880
CT-L09-1,cantilever,SUP-L,L,3.1090
CT-L09-2,cantilever,SUP-L,L,2.0605
PV-L09,pavement,SUP-L,L,69.7105
BR-L09-1,barrier,SUP-L,L,19.4496
BR-L09-2,barrier,SUP-L,L,19.1084
G-L10-1,girder,SUP-L,L,24.3106
G-L10-2,girder,SUP-L,L,24.3108
G-L10-3,girder,SUP-L,L,24.0518
G-L10-4,girder,SUP-L,L,24.0519
G-L10-5,girder,SUP-L,L,24.0520
WJ-L10-1,wet_joint,SUP-L,L,2.8258
WJ-L10-2,wet_joint,SUP-L,L,2.8108
WJ-L10-3,wet_joint,SUP-L,L,2.7957
WJ-L10-4,wet_joint,SUP-L,L,2.7960
CT-L10-1,cantilever,SUP-L,L,3.0032
CT-L10-2,cantilever,SUP-L,L,2.0987
PV-L10,pavement,SUP-L,L,69.7165
BR-L10-1,barrier,SUP-L,L,19.4786
BR-L10-2,barrier,SUP-L,L,19.1839
G-L11-1,girder,SUP-L,L,24.3100
G-L11-2,girder,SUP-L,L,24.3101
G-L11-3,girder,SUP-L,L,24.3102
G-L11-4,girder,SUP-L,L,24.0513
G-L11-5,girder,SUP-L,L,24.0514
WJ-L11-1,wet_joint,SUP-L,L,2.8271
WJ-L11-2,wet_joint,SUP-L,L,2.8273
WJ-L11-3,wet_joint,SUP-L,L,2.8122
WJ-L11-4,wet_joint,SUP-L,L,2.7971
CT-L11-1,cantilever,SUP-L,L,2.8630
CT-L11-2,cantilever,SUP-L,L,2.2325
PV-L11,pavement,SUP-L,L,69.9066
BR-L11-1,barrier,SUP-L,L,19.4853
BR-L11-2,barrier,SUP-L,L,19.2836
G-L12-1,girder,SUP-L,L,24.6359
G-L12-2,girder,SUP-L,L,24.6360
G-L12-3,girder,SUP-L,L,24.6361
G-L12-4,girder,SUP-L,L,24.6363
G-L12-5,girder,SUP-L,L,24.4859
WJ-L12-1,wet_joint,SUP-L,L,2.8671
WJ-L12-2,wet_joint,SUP-L,L,2.8672
WJ-L12-3,wet_joint,SUP-L,L,2.8673
WJ-L12-4,wet_joint,SUP-L,L,2.8586
CT-L12-1,cantilever,SUP-L,L,2.7572
CT-L12-2,cantilever,SUP-L,L,2.4146
PV-L12,pavement,SUP-L,L,70.0001
BR-L12-1,barrier,SUP-L,L,19.4659
BR-L12-2,barrier,SUP-L,L,19.3573
G-R01-1,girder,SUP-R,R,24.9011
G-R01-2,girder,SUP-R,R,24.7596
G-R01-3,girder,SUP-R,R,24.7601
G-R01-4,girder,SUP-R,R,24.7606
G-R01-5,girder,SUP-R,R,24.7611
WJ-R01-1,wet_joint,SUP-R,R,2.7368
WJ-R01-2,wet_joint,SUP-R,R,2.7290
WJ-R01-3,wet_joint,SUP-R,R,2.7287
WJ-R01-4,wet_joint,SUP-R,R,2.7284
CT-R01-1,cantilever,SUP-R,R,2.8403
CT-R01-2,cantilever,SUP-R,R,2.3978
PV-R01,pavement,SUP-R,R,71.2503
BR-R01-1,barrier,SUP-R,R,19.6246
BR-R01-2,barrier,SUP-R,R,19.4850
G-R02-1,girder,SUP-R,R,24.5759
G-R02-2,girder,SUP-R,R,24.5764
G-R02-3,girder,SUP-R,R,24.5769
G-R02-4,girder,SUP-R,R,24.5773
G-R02-5,girder,SUP-R,R,24.3103
WJ-R02-1,wet_joint,SUP-R,R,2.7107
WJ-R02-2,wet_joint,SUP-R,R,2.7103
WJ-R02-3,wet_joint,SUP-R,R,2.7098
WJ-R02-4,wet_joint,SUP-R,R,2.6952
CT-R02-1,cantilever,SUP-R,R,2.9524
CT-R02-2,cantilever,SUP-R,R,2.2084
PV-R02,pavement,SUP-R,R,71.5348
BR-R02-1,barrier,SUP-R,R,19.7503
BR-R02-2,barrier,SUP-R,R,19.5176
G-R03-1,girder,SUP-R,R,24.8531
G-R03-2,girder,SUP-R,R,24.5776
G-R03-3,girder,SUP-R,R,24.5778
G-R03-4,girder,SUP-R,R,24.5780
G-R03-5,girder,SUP-R,R,24.3108
WJ-R03-1,wet_joint,SUP-R,R,2.7634
WJ-R03-2,wet_joint,SUP-R,R,2.7480
WJ-R03-3,wet_joint,SUP-R,R,2.7475
WJ-R03-4,wet_joint,SUP-R,R,2.7325
CT-R03-1,cantilever,SUP-R,R,3.1254
CT-R03-2,cantilever,SUP-R,R,2.0697
PV-R03,pavement,SUP-R,R,71.5263
BR-R03-1,barrier,SUP-R,R,19.8441
BR-R03-2,barrier,SUP-R,R,19.5235
G-R04-1,girder,SUP-R,R,25.0800
G-R04-2,girder,SUP-R,R,25.0800
G-R04-3,girder,SUP-R,R,24.9045
G-R04-4,girder,SUP-R,R,24.9045
G-R04-5,girder,SUP-R,R,24.7624
WJ-R04-1,wet_joint,SUP-R,R,2.8808
WJ-R04-2,wet_joint,SUP-R,R,2.8707
WJ-R04-3,wet_joint,SUP-R,R,2.8606
WJ-R04-4,wet_joint,SUP-R,R,2.8525
CT-R04-1,cantilever,SUP-R,R,3.1761
CT-R04-2,cantilever,SUP-R,R,2.0875
PV-R04,pavement,SUP-R,R,71.0984
BR-R04-1,barrier,SUP-R,R,19.8396
BR-R04-2,barrier,SUP-R,R,19.4983
G-R05-1,girder,SUP-R,R,25.0805
G-R05-2,girder,SUP-R,R,25.0805
G-R05-3,girder,SUP-R,R,24.9050
G-R05-4,girder,SUP-R,R,24.9050
G-R05-5,girder,SUP-R,R,24.7629
WJ-R05-1,wet_joint,SUP-R,R,2.8799
WJ-R05-2,wet_joint,SUP-R,R,2.8698
WJ-R05-3,wet_joint,SUP-R,R,2.8598
WJ-R05-4,wet_joint,SUP-R,R,2.8516
CT-R05-1,cantilever,SUP-R,R,3.1761
CT-R05-2,cantilever,SUP-R,R,2.0877
PV-R05,pavement,SUP-R,R,71.1028
BR-R05-1,barrier,SUP-R,R,19.8396
BR-R05-2,barrier,SUP-R,R,19.4983
G-R06-1,girder,SUP-R,R,24.8551
G-R06-2,girder,SUP-R,R,24.5793
G-R06-3,girder,SUP-R,R,24.5793
G-R06-4,girder,SUP-R,R,24.5793
G-R06-5,girder,SUP-R,R,24.3119
WJ-R06-1,wet_joint,SUP-R,R,2.8373
WJ-R06-2,wet_joint,SUP-R,R,2.8214
WJ-R06-3,wet_joint,SUP-R,R,2.8214
WJ-R06-4,wet_joint,SUP-R,R,2.8061
CT-R06-1,cantilever,SUP-R,R,3.1523
CT-R06-2,cantilever,SUP-R,R,2.0407
PV-R06,pavement,SUP-R,R,71.2012
BR-R06-1,barrier,SUP-R,R,19.8656
BR-R06-2,barrier,SUP-R,R,19.5244
G-R07-1,girder,SUP-R,R,24.8552
G-R07-2,girder,SUP-R,R,24.5794
G-R07-3,girder,SUP-R,R,24.5794
G-R07-4,girder,SUP-R,R,24.5794
G-R07-5,girder,SUP-R,R,24.3120
WJ-R07-1,wet_joint,SUP-R,R,2.8364
WJ-R07-2,wet_joint,SUP-R,R,2.8206
WJ-R07-3,wet_joint,SUP-R,R,2.8206
WJ-R07-4,wet_joint,SUP-R,R,2.8052
CT-R07-1,cantilever,SUP-R,R,3.1524
CT-R07-2,cantilever,SUP-R,R,2.0407
PV-R07,pavement,SUP-R,R,71.2057
BR-R07-1,barrier,SUP-R,R,19.8656
BR-R07-2,barrier,SUP-R,R,19.5244
G-R08-1,girder,SUP-R,R,25.0807
G-R08-2,girder,SUP-R,R,25.0807
G-R08-3,girder,SUP-R,R,24.9052
G-R08-4,girder,SUP-R,R,24.9052
G-R08-5,girder,SUP-R,R,24.7631
WJ-R08-1,wet_joint,SUP-R,R,2.8772
WJ-R08-2,wet_joint,SUP-R,R,2.8671
WJ-R08-3,wet_joint,SUP-R,R,2.8570
WJ-R08-4,wet_joint,SUP-R,R,2.8489
CT-R08-1,cantilever,SUP-R,R,3.1763
CT-R08-2,cantilever,SUP-R,R,2.0876
PV-R08,pavement,SUP-R,R,71.1161
BR-R08-1,barrier,SUP-R,R,19.8396
BR-R08-2,barrier,SUP-R,R,19.4984
G-R09-1,girder,SUP-R,R,25.0803
G-R09-2,girder,SUP-R,R,25.0803
G-R09-3,girder,SUP-R,R,24.9048
G-R09-4,girder,SUP-R,R,24.9048
G-R09-5,girder,SUP-R,R,24.7628
WJ-R09-1,wet_joint,SUP-R,R,2.8762
WJ-R09-2,wet_joint,SUP-R,R,2.8661
WJ-R09-3,wet_joint,SUP-R,R,2.8561
WJ-R09-4,wet_joint,SUP-R,R,2.8479
CT-R09-1,cantilever,SUP-R,R,3.1762
CT-R09-2,cantilever,SUP-R,R,2.0877
PV-R09,pavement,SUP-R,R,71.1205
BR-R09-1,barrier,SUP-R,R,19.8396
BR-R09-2,barrier,SUP-R,R,19.4984
G-R10-1,girder,SUP-R,R,24.8534
G-R10-2,girder,SUP-R,R,24.5780
G-R10-3,girder,SUP-R,R,24.5783
G-R10-4,girder,SUP-R,R,24.5786
G-R10-5,girder,SUP-R,R,24.3114
WJ-R10-1,wet_joint,SUP-R,R,2.9494
WJ-R10-2,wet_joint,SUP-R,R,2.9330
WJ-R10-3,wet_joint,SUP-R,R,2.9337
WJ-R10-4,wet_joint,SUP-R,R,2.9178
CT-R10-1,cantilever,SUP-R,R,3.0730
CT-R10-2,cantilever,SUP-R,R,2.1096
PV-R10,pavement,SUP-R,R,70.5512
BR-R10-1,barrier,SUP-R,R,19.8147
BR-R10-2,barrier,SUP-R,R,19.5200
G-R11-1,girder,SUP-R,R,24.5769
G-R11-2,girder,SUP-R,R,24.5773
G-R11-3,girder,SUP-R,R,24.5777
G-R11-4,girder,SUP-R,R,24.5781
G-R11-5,girder,SUP-R,R,24.3110
WJ-R11-1,wet_joint,SUP-R,R,2.9342
WJ-R11-2,wet_joint,SUP-R,R,2.9348
WJ-R11-3,wet_joint,SUP-R,R,2.9353
WJ-R11-4,wet_joint,SUP-R,R,2.9192
CT-R11-1,cantilever,SUP-R,R,2.8957
CT-R11-2,cantilever,SUP-R,R,2.2511
PV-R11,pavement,SUP-R,R,70.3588
BR-R11-1,barrier,SUP-R,R,19.7150
BR-R11-2,barrier,SUP-R,R,19.5134
G-R12-1,girder,SUP-R,R,24.7606
G-R12-2,girder,SUP-R,R,24.7611
G-R12-3,girder,SUP-R,R,24.7615
G-R12-4,girder,SUP-R,R,24.7619
G-R12-5,girder,SUP-R,R,24.7622
WJ-R12-1,wet_joint,SUP-R,R,2.9593
WJ-R12-2,wet_joint,SUP-R,R,2.9596
WJ-R12-3,wet_joint,SUP-R,R,2.9599
WJ-R12-4,wet_joint,SUP-R,R,2.9602
CT-R12-1,cantilever,SUP-R,R,2.7700
CT-R12-2,cantilever,SUP-R,R,2.4397
PV-R12,pavement,SUP-R,R,70.0709
BR-R12-1,barrier,SUP-R,R,19.5893
BR-R12-2,barrier,SUP-R,R,19.4807
CS-P01-L,continuity,SUP-L,L,19.8828
CS-P01-R,continuity,SUP-R,R,20.0137
CS-P02-L,continuity,SUP-L,L,19.3134
CS-P02-R,continuity,SUP-R,R,20.2614
CS-P03-L,continuity,SUP-L,L,19.1514
CS-P03-R,continuity,SUP-R,R,19.7727
CS-P05-L,continuity,SUP-L,L,18.8981
CS-P05-R,continuity,SUP-R,R,19.9465
CS-P06-L,continuity,SUP-L,L,18.6613
CS-P06-R,continuity,SUP-R,R,20.7961
CS-P07-L,continuity,SUP-L,L,18.8904
CS-P07-R,continuity,SUP-R,R,19.9388
CS-P09-L,continuity,SUP-L,L,19.4037
CS-P09-R,continuity,SUP-R,R,19.4924
CS-P10-L,continuity,SUP-L,L,19.8879
CS-P10-R,continuity,SUP-R,R,19.6635
CS-P11-L,continuity,SUP-L,L,19.9168
CS-P11-R,continuity,SUP-R,R,19.7550
EJ-A00-L,expansion_joint,SUP-L,L,0.1836
EJ-A00-R,expansion_joint,SUP-R,R,0.1836
EJ-P04-L,expansion_joint,SUP-L,L,0.3672
EJ-P04-R,expansion_joint,SUP-R,R,0.3672
EJ-P08-L,expansion_joint,SUP-L,L,0.3672
EJ-P08-R,expansion_joint,SUP-R,R,0.3672
EJ-A12-L,expansion_joint,SUP-L,L,0.1836
EJ-A12-R,expansion_joint,SUP-R,R,0.1836
ABC-A00-L,abut_cap,A00,L,27.8160
BW-A00-L,backwall,A00,L,14.7680
S-L01-1a,seat,A00,L,0.0542
B-L01-1a,bearing,A00,L,0.0074
S-L01-2a,seat,A00,L,0.0542
B-L01-2a,bearing,A00,L,0.0074
S-L01-3a,seat,A00,L,0.0541
B-L01-3a,bearing,A00,L,0.0074
S-L01-4a,seat,A00,L,0.0541
B-L01-4a,bearing,A00,L,0.0074
S-L01-5a,seat,A00,L,0.0540
B-L01-5a,bearing,A00,L,0.0074
PL-A00-L1,pile,A00,L,35.3429
PL-A00-L2,pile,A00,L,35.3429
ABC-A00-R,abut_cap,A00,R,27.8160
BW-A00-R,backwall,A00,R,14.7731
S-R01-1a,seat,A00,R,0.0547
B-R01-1a,bearing,A00,R,0.0074
S-R01-2a,seat,A00,R,0.0546
B-R01-2a,bearing,A00,R,0.0074
S-R01-3a,seat,A00,R,0.0544
B-R01-3a,bearing,A00,R,0.0074
S-R01-4a,seat,A00,R,0.0542
B-R01-4a,bearing,A00,R,0.0074
S-R01-5a,seat,A00,R,0.0540
B-R01-5a,bearing,A00,R,0.0074
PL-A00-R1,pile,A00,R,35.3429
PL-A00-R2,pile,A00,R,35.3429
CAP-P01-L,cap,P01,L,46.8480
TS-L01-1b,temp_support,P01,L,0.0378
TS-L01-2b,temp_support,P01,L,0.0379
TS-L01-3b,temp_support,P01,L,0.0381
TS-L01-4b,temp_support,P01,L,0.0378
TS-L01-5b,temp_support,P01,L,0.0379
TS-L02-1a,temp_support,P01,L,0.0418
TS-L02-2a,temp_support,P01,L,0.0417
TS-L02-3a,temp_support,P01,L,0.0416
TS-L02-4a,temp_support,P01,L,0.0418
TS-L02-5a,temp_support,P01,L,0.0417
S-P01-L1,seat,P01,L,0.0960
B-P01-L1,bearing,P01,L,0.0235
S-P01-L2,seat,P01,L,0.0960
B-P01-L2,bearing,P01,L,0.0235
S-P01-L3,seat,P01,L,0.0960
B-P01-L3,bearing,P01,L,0.0235
S-P01-L4,seat,P01,L,0.0960
B-P01-L4,bearing,P01,L,0.0235
S-P01-L5,seat,P01,L,0.0960
B-P01-L5,bearing,P01,L,0.0235
C-P01-L1,column,P01,L,4.3908
PL-P01-L1,pile,P01,L,63.5544
C-P01-L2,column,P01,L,4.2370
PL-P01-L2,pile,P01,L,63.5544
TB-P01-L,tie,P01,L,5.1600
CAP-P01-R,cap,P01,R,46.8480
TS-R01-1b,temp_support,P01,R,0.0378
TS-R01-2b,temp_support,P01,R,0.0376
TS-R01-3b,temp_support,P01,R,0.0378
TS-R01-4b,temp_support,P01,R,0.0381
TS-R01-5b,temp_support,P01,R,0.0384
TS-R02-1a,temp_support,P01,R,0.0421
TS-R02-2a,temp_support,P01,R,0.0419
TS-R02-3a,temp_support,P01,R,0.0416
TS-R02-4a,temp_support,P01,R,0.0414
TS-R02-5a,temp_support,P01,R,0.0415
S-P01-R1,seat,P01,R,0.0960
B-P01-R1,bearing,P01,R,0.0235
S-P01-R2,seat,P01,R,0.0960
B-P01-R2,bearing,P01,R,0.0235
S-P01-R3,seat,P01,R,0.0960
B-P01-R3,bearing,P01,R,0.0235
S-P01-R4,seat,P01,R,0.0960
B-P01-R4,bearing,P01,R,0.0235
S-P01-R5,seat,P01,R,0.0960
B-P01-R5,bearing,P01,R,0.0235
C-P01-R1,column,P01,R,4.7617
PL-P01-R1,pile,P01,R,63.5544
C-P01-R2,column,P01,R,4.6079
PL-P01-R2,pile,P01,R,63.5544
TB-P01-R,tie,P01,R,5.1600
CAP-P02-L,cap,P02,L,46.8480
TS-L02-1b,temp_support,P02,L,0.0381
TS-L02-2b,temp_support,P02,L,0.0382
TS-L02-3b,temp_support,P02,L,0.0383
TS-L02-4b,temp_support,P02,L,0.0381
TS-L02-5b,temp_support,P02,L,0.0382
TS-L03-1a,temp_support,P02,L,0.0415
TS-L03-2a,temp_support,P02,L,0.0413
TS-L03-3a,temp_support,P02,L,0.0415
TS-L03-4a,temp_support,P02,L,0.0414
TS-L03-5a,temp_support,P02,L,0.0413
S-P02-L1,seat,P02,L,0.0960
B-P02-L1,bearing,P02,L,0.0235
S-P02-L2,seat,P02,L,0.0960
B-P02-L2,bearing,P02,L,0.0235
S-P02-L3,seat,P02,L,0.0960
B-P02-L3,bearing,P02,L,0.0235
S-P02-L4,seat,P02,L,0.0960
B-P02-L4,bearing,P02,L,0.0235
S-P02-L5,seat,P02,L,0.0961
B-P02-L5,bearing,P02,L,0.0235
C-P02-L1,column,P02,L,8.5152
PL-P02-L1,pile,P02,L,63.5544
C-P02-L2,column,P02,L,8.3615
PL-P02-L2,pile,P02,L,63.5544
TB-P02-L,tie,P02,L,5.1600
CAP-P02-R,cap,P02,R,46.8480
TS-R02-1b,temp_support,P02,R,0.0378
TS-R02-2b,temp_support,P02,R,0.0380
TS-R02-3b,temp_support,P02,R,0.0383
TS-R02-4b,temp_support,P02,R,0.0385
TS-R02-5b,temp_support,P02,R,0.0384
TS-R03-1a,temp_support,P02,R,0.0415
TS-R03-2a,temp_support,P02,R,0.0416
TS-R03-3a,temp_support,P02,R,0.0414
TS-R03-4a,temp_support,P02,R,0.0412
TS-R03-5a,temp_support,P02,R,0.0413
S-P02-R1,seat,P02,R,0.0960
B-P02-R1,bearing,P02,R,0.0235
S-P02-R2,seat,P02,R,0.0960
B-P02-R2,bearing,P02,R,0.0235
S-P02-R3,seat,P02,R,0.0961
B-P02-R3,bearing,P02,R,0.0235
S-P02-R4,seat,P02,R,0.0962
B-P02-R4,bearing,P02,R,0.0235
S-P02-R5,seat,P02,R,0.0962
B-P02-R5,bearing,P02,R,0.0235
C-P02-R1,column,P02,R,8.8860
PL-P02-R1,pile,P02,R,63.5544
C-P02-R2,column,P02,R,8.7323
PL-P02-R2,pile,P02,R,63.5544
TB-P02-R,tie,P02,R,5.1600
CAP-P03-L,cap,P03,L,46.8480
TS-L03-1b,temp_support,P03,L,0.0385
TS-L03-2b,temp_support,P03,L,0.0386
TS-L03-3b,temp_support,P03,L,0.0385
TS-L03-4b,temp_support,P03,L,0.0386
TS-L03-5b,temp_support,P03,L,0.0387
TS-L04-1a,temp_support,P03,L,0.0410
TS-L04-2a,temp_support,P03,L,0.0411
TS-L04-3a,temp_support,P03,L,0.0410
TS-L04-4a,temp_support,P03,L,0.0411
TS-L04-5a,temp_support,P03,L,0.0410
S-P03-L1,seat,P03,L,0.0960
B-P03-L1,bearing,P03,L,0.0235
S-P03-L2,seat,P03,L,0.0960
B-P03-L2,bearing,P03,L,0.0235
S-P03-L3,seat,P03,L,0.0961
B-P03-L3,bearing,P03,L,0.0235
S-P03-L4,seat,P03,L,0.0961
B-P03-L4,bearing,P03,L,0.0235
S-P03-L5,seat,P03,L,0.0962
B-P03-L5,bearing,P03,L,0.0235
C-P03-L1,column,P03,L,13.4065
PL-P03-L1,pile,P03,L,63.5544
C-P03-L2,column,P03,L,13.2527
PL-P03-L2,pile,P03,L,63.5544
TB-P03-L,tie,P03,L,5.1600
CAP-P03-R,cap,P03,R,46.8480
TS-R03-1b,temp_support,P03,R,0.0385
TS-R03-2b,temp_support,P03,R,0.0384
TS-R03-3b,temp_support,P03,R,0.0386
TS-R03-4b,temp_support,P03,R,0.0388
TS-R03-5b,temp_support,P03,R,0.0387
TS-R04-1a,temp_support,P03,R,0.0411
TS-R04-2a,temp_support,P03,R,0.0410
TS-R04-3a,temp_support,P03,R,0.0411
TS-R04-4a,temp_support,P03,R,0.0410
TS-R04-5a,temp_support,P03,R,0.0411
S-P03-R1,seat,P03,R,0.0960
B-P03-R1,bearing,P03,R,0.0235
S-P03-R2,seat,P03,R,0.0961
B-P03-R2,bearing,P03,R,0.0235
S-P03-R3,seat,P03,R,0.0962
B-P03-R3,bearing,P03,R,0.0235
S-P03-R4,seat,P03,R,0.0963
B-P03-R4,bearing,P03,R,0.0235
S-P03-R5,seat,P03,R,0.0965
B-P03-R5,bearing,P03,R,0.0235
C-P03-R1,column,P03,R,13.7772
PL-P03-R1,pile,P03,R,63.5544
C-P03-R2,column,P03,R,13.6234
PL-P03-R2,pile,P03,R,63.5544
TB-P03-R,tie,P03,R,5.1600
CAP-P04-L,cap,P04,L,46.8480
S-L04-1b,seat,P04,L,0.0540
B-L04-1b,bearing,P04,L,0.0074
S-L04-2b,seat,P04,L,0.0540
B-L04-2b,bearing,P04,L,0.0074
S-L04-3b,seat,P04,L,0.0540
B-L04-3b,bearing,P04,L,0.0074
S-L04-4b,seat,P04,L,0.0540
B-L04-4b,bearing,P04,L,0.0074
S-L04-5b,seat,P04,L,0.0540
B-L04-5b,bearing,P04,L,0.0074
S-L05-1a,seat,P04,L,0.0560
B-L05-1a,bearing,P04,L,0.0074
S-L05-2a,seat,P04,L,0.0560
B-L05-2a,bearing,P04,L,0.0074
S-L05-3a,seat,P04,L,0.0560
B-L05-3a,bearing,P04,L,0.0074
S-L05-4a,seat,P04,L,0.0560
B-L05-4a,bearing,P04,L,0.0074
S-L05-5a,seat,P04,L,0.0560
B-L05-5a,bearing,P04,L,0.0074
C-P04-L1,column,P04,L,18.3237
PL-P04-L1,pile,P04,L,63.5544
C-P04-L2,column,P04,L,18.1699
PL-P04-L2,pile,P04,L,63.5544
TB-P04-L,tie,P04,L,5.1600
CAP-P04-R,cap,P04,R,46.8480
S-R04-1b,seat,P04,R,0.0540
B-R04-1b,bearing,P04,R,0.0074
S-R04-2b,seat,P04,R,0.0540
B-R04-2b,bearing,P04,R,0.0074
S-R04-3b,seat,P04,R,0.0540
B-R04-3b,bearing,P04,R,0.0074
S-R04-4b,seat,P04,R,0.0540
B-R04-4b,bearing,P04,R,0.0074
S-R04-5b,seat,P04,R,0.0540
B-R04-5b,bearing,P04,R,0.0074
S-R05-1a,seat,P04,R,0.0559
B-R05-1a,bearing,P04,R,0.0074
S-R05-2a,seat,P04,R,0.0560
B-R05-2a,bearing,P04,R,0.0074
S-R05-3a,seat,P04,R,0.0560
B-R05-3a,bearing,P04,R,0.0074
S-R05-4a,seat,P04,R,0.0560
B-R05-4a,bearing,P04,R,0.0074
S-R05-5a,seat,P04,R,0.0560
B-R05-5a,bearing,P04,R,0.0074
C-P04-R1,column,P04,R,18.6949
PL-P04-R1,pile,P04,R,63.5544
C-P04-R2,column,P04,R,18.5411
PL-P04-R2,pile,P04,R,63.5544
TB-P04-R,tie,P04,R,5.1600
CAP-P05-L,cap,P05,L,46.8480
TS-L05-1b,temp_support,P05,L,0.0393
TS-L05-2b,temp_support,P05,L,0.0393
TS-L05-3b,temp_support,P05,L,0.0394
TS-L05-4b,temp_support,P05,L,0.0393
TS-L05-5b,temp_support,P05,L,0.0393
TS-L06-1a,temp_support,P05,L,0.0403
TS-L06-2a,temp_support,P05,L,0.0403
TS-L06-3a,temp_support,P05,L,0.0403
TS-L06-4a,temp_support,P05,L,0.0403
TS-L06-5a,temp_support,P05,L,0.0403
S-P05-L1,seat,P05,L,0.0960
B-P05-L1,bearing,P05,L,0.0235
S-P05-L2,seat,P05,L,0.0960
B-P05-L2,bearing,P05,L,0.0235
S-P05-L3,seat,P05,L,0.0960
B-P05-L3,bearing,P05,L,0.0235
S-P05-L4,seat,P05,L,0.0960
B-P05-L4,bearing,P05,L,0.0235
S-P05-L5,seat,P05,L,0.0960
B-P05-L5,bearing,P05,L,0.0235
C-P05-L1,column,P05,L,21.9871
PL-P05-L1,pile,P05,L,63.5544
C-P05-L2,column,P05,L,21.8334
PL-P05-L2,pile,P05,L,63.5544
TB-P05-L,tie,P05,L,5.1600
CAP-P05-R,cap,P05,R,46.8480
TS-R05-1b,temp_support,P05,R,0.0393
TS-R05-2b,temp_support,P05,R,0.0394
TS-R05-3b,temp_support,P05,R,0.0393
TS-R05-4b,temp_support,P05,R,0.0394
TS-R05-5b,temp_support,P05,R,0.0393
TS-R06-1a,temp_support,P05,R,0.0403
TS-R06-2a,temp_support,P05,R,0.0403
TS-R06-3a,temp_support,P05,R,0.0403
TS-R06-4a,temp_support,P05,R,0.0403
TS-R06-5a,temp_support,P05,R,0.0403
S-P05-R1,seat,P05,R,0.0960
B-P05-R1,bearing,P05,R,0.0235
S-P05-R2,seat,P05,R,0.0960
B-P05-R2,bearing,P05,R,0.0235
S-P05-R3,seat,P05,R,0.0960
B-P05-R3,bearing,P05,R,0.0235
S-P05-R4,seat,P05,R,0.0960
B-P05-R4,bearing,P05,R,0.0235
S-P05-R5,seat,P05,R,0.0960
B-P05-R5,bearing,P05,R,0.0235
C-P05-R1,column,P05,R,22.3582
PL-P05-R1,pile,P05,R,63.5544
C-P05-R2,column,P05,R,22.2045
PL-P05-R2,pile,P05,R,63.5544
TB-P05-R,tie,P05,R,5.1600
CAP-P06-L,cap,P06,L,46.8480
TS-L06-1b,temp_support,P06,L,0.0397
TS-L06-2b,temp_support,P06,L,0.0397
TS-L06-3b,temp_support,P06,L,0.0397
TS-L06-4b,temp_support,P06,L,0.0397
TS-L06-5b,temp_support,P06,L,0.0397
TS-L07-1a,temp_support,P06,L,0.0399
TS-L07-2a,temp_support,P06,L,0.0399
TS-L07-3a,temp_support,P06,L,0.0399
TS-L07-4a,temp_support,P06,L,0.0399
TS-L07-5a,temp_support,P06,L,0.0399
S-P06-L1,seat,P06,L,0.0960
B-P06-L1,bearing,P06,L,0.0235
S-P06-L2,seat,P06,L,0.0960
B-P06-L2,bearing,P06,L,0.0235
S-P06-L3,seat,P06,L,0.0960
B-P06-L3,bearing,P06,L,0.0235
S-P06-L4,seat,P06,L,0.0960
B-P06-L4,bearing,P06,L,0.0235
S-P06-L5,seat,P06,L,0.0960
B-P06-L5,bearing,P06,L,0.0235
C-P06-L1,column,P06,L,23.4044
PL-P06-L1,pile,P06,L,63.5544
C-P06-L2,column,P06,L,23.2507
PL-P06-L2,pile,P06,L,63.5544
TB-P06-L,tie,P06,L,5.1600
CAP-P06-R,cap,P06,R,46.8480
TS-R06-1b,temp_support,P06,R,0.0397
TS-R06-2b,temp_support,P06,R,0.0397
TS-R06-3b,temp_support,P06,R,0.0397
TS-R06-4b,temp_support,P06,R,0.0397
TS-R06-5b,temp_support,P06,R,0.0397
TS-R07-1a,temp_support,P06,R,0.0399
TS-R07-2a,temp_support,P06,R,0.0399
TS-R07-3a,temp_support,P06,R,0.0399
TS-R07-4a,temp_support,P06,R,0.0399
TS-R07-5a,temp_support,P06,R,0.0399
S-P06-R1,seat,P06,R,0.0961
B-P06-R1,bearing,P06,R,0.0235
S-P06-R2,seat,P06,R,0.0960
B-P06-R2,bearing,P06,R,0.0235
S-P06-R3,seat,P06,R,0.0960
B-P06-R3,bearing,P06,R,0.0235
S-P06-R4,seat,P06,R,0.0960
B-P06-R4,bearing,P06,R,0.0235
S-P06-R5,seat,P06,R,0.0960
B-P06-R5,bearing,P06,R,0.0235
C-P06-R1,column,P06,R,23.7755
PL-P06-R1,pile,P06,R,63.5544
C-P06-R2,column,P06,R,23.6218
PL-P06-R2,pile,P06,R,63.5544
TB-P06-R,tie,P06,R,5.1600
CAP-P07-L,cap,P07,L,46.8480
TS-L07-1b,temp_support,P07,L,0.0401
TS-L07-2b,temp_support,P07,L,0.0400
TS-L07-3b,temp_support,P07,L,0.0401
TS-L07-4b,temp_support,P07,L,0.0401
TS-L07-5b,temp_support,P07,L,0.0400
TS-L08-1a,temp_support,P07,L,0.0396
TS-L08-2a,temp_support,P07,L,0.0395
TS-L08-3a,temp_support,P07,L,0.0396
TS-L08-4a,temp_support,P07,L,0.0395
TS-L08-5a,temp_support,P07,L,0.0396
S-P07-L1,seat,P07,L,0.0960
B-P07-L1,bearing,P07,L,0.0235
S-P07-L2,seat,P07,L,0.0960
B-P07-L2,bearing,P07,L,0.0235
S-P07-L3,seat,P07,L,0.0960
B-P07-L3,bearing,P07,L,0.0235
S-P07-L4,seat,P07,L,0.0960
B-P07-L4,bearing,P07,L,0.0235
S-P07-L5,seat,P07,L,0.0960
B-P07-L5,bearing,P07,L,0.0235
C-P07-L1,column,P07,L,22.0932
PL-P07-L1,pile,P07,L,63.5544
C-P07-L2,column,P07,L,21.9394
PL-P07-L2,pile,P07,L,63.5544
TB-P07-L,tie,P07,L,5.1600
CAP-P07-R,cap,P07,R,46.8480
TS-R07-1b,temp_support,P07,R,0.0400
TS-R07-2b,temp_support,P07,R,0.0401
TS-R07-3b,temp_support,P07,R,0.0401
TS-R07-4b,temp_support,P07,R,0.0400
TS-R07-5b,temp_support,P07,R,0.0401
TS-R08-1a,temp_support,P07,R,0.0396
TS-R08-2a,temp_support,P07,R,0.0396
TS-R08-3a,temp_support,P07,R,0.0395
TS-R08-4a,temp_support,P07,R,0.0396
TS-R08-5a,temp_support,P07,R,0.0396
S-P07-R1,seat,P07,R,0.0960
B-P07-R1,bearing,P07,R,0.0235
S-P07-R2,seat,P07,R,0.0960
B-P07-R2,bearing,P07,R,0.0235
S-P07-R3,seat,P07,R,0.0960
B-P07-R3,bearing,P07,R,0.0235
S-P07-R4,seat,P07,R,0.0960
B-P07-R4,bearing,P07,R,0.0235
S-P07-R5,seat,P07,R,0.0960
B-P07-R5,bearing,P07,R,0.0235
C-P07-R1,column,P07,R,22.4643
PL-P07-R1,pile,P07,R,63.5544
C-P07-R2,column,P07,R,22.3105
PL-P07-R2,pile,P07,R,63.5544
TB-P07-R,tie,P07,R,5.1600
CAP-P08-L,cap,P08,L,46.8480
S-L08-1b,seat,P08,L,0.0554
B-L08-1b,bearing,P08,L,0.0074
S-L08-2b,seat,P08,L,0.0554
B-L08-2b,bearing,P08,L,0.0074
S-L08-3b,seat,P08,L,0.0554
B-L08-3b,bearing,P08,L,0.0074
S-L08-4b,seat,P08,L,0.0554
B-L08-4b,bearing,P08,L,0.0074
S-L08-5b,seat,P08,L,0.0554
B-L08-5b,bearing,P08,L,0.0074
S-L09-1a,seat,P08,L,0.0540
B-L09-1a,bearing,P08,L,0.0074
S-L09-2a,seat,P08,L,0.0540
B-L09-2a,bearing,P08,L,0.0074
S-L09-3a,seat,P08,L,0.0540
B-L09-3a,bearing,P08,L,0.0074
S-L09-4a,seat,P08,L,0.0540
B-L09-4a,bearing,P08,L,0.0074
S-L09-5a,seat,P08,L,0.0540
B-L09-5a,bearing,P08,L,0.0074
C-P08-L1,column,P08,L,18.5371
PL-P08-L1,pile,P08,L,63.5544
C-P08-L2,column,P08,L,18.3834
PL-P08-L2,pile,P08,L,63.5544
TB-P08-L,tie,P08,L,5.1600
CAP-P08-R,cap,P08,R,46.8480
S-R08-1b,seat,P08,R,0.0554
B-R08-1b,bearing,P08,R,0.0074
S-R08-2b,seat,P08,R,0.0554
B-R08-2b,bearing,P08,R,0.0074
S-R08-3b,seat,P08,R,0.0554
B-R08-3b,bearing,P08,R,0.0074
S-R08-4b,seat,P08,R,0.0554
B-R08-4b,bearing,P08,R,0.0074
S-R08-5b,seat,P08,R,0.0554
B-R08-5b,bearing,P08,R,0.0074
S-R09-1a,seat,P08,R,0.0540
B-R09-1a,bearing,P08,R,0.0074
S-R09-2a,seat,P08,R,0.0540
B-R09-2a,bearing,P08,R,0.0074
S-R09-3a,seat,P08,R,0.0540
B-R09-3a,bearing,P08,R,0.0074
S-R09-4a,seat,P08,R,0.0540
B-R09-4a,bearing,P08,R,0.0074
S-R09-5a,seat,P08,R,0.0540
B-R09-5a,bearing,P08,R,0.0074
C-P08-R1,column,P08,R,18.9083
PL-P08-R1,pile,P08,R,63.5544
C-P08-R2,column,P08,R,18.7546
PL-P08-R2,pile,P08,R,63.5544
TB-P08-R,tie,P08,R,5.1600
CAP-P09-L,cap,P09,L,46.8480
TS-L09-1b,temp_support,P09,L,0.0408
TS-L09-2b,temp_support,P09,L,0.0409
TS-L09-3b,temp_support,P09,L,0.0408
TS-L09-4b,temp_support,P09,L,0.0409
TS-L09-5b,temp_support,P09,L,0.0408
TS-L10-1a,temp_support,P09,L,0.0387
TS-L10-2a,temp_support,P09,L,0.0388
TS-L10-3a,temp_support,P09,L,0.0387
TS-L10-4a,temp_support,P09,L,0.0389
TS-L10-5a,temp_support,P09,L,0.0390
S-P09-L1,seat,P09,L,0.0960
B-P09-L1,bearing,P09,L,0.0235
S-P09-L2,seat,P09,L,0.0961
B-P09-L2,bearing,P09,L,0.0235
S-P09-L3,seat,P09,L,0.0961
B-P09-L3,bearing,P09,L,0.0235
S-P09-L4,seat,P09,L,0.0962
B-P09-L4,bearing,P09,L,0.0235
S-P09-L5,seat,P09,L,0.0962
B-P09-L5,bearing,P09,L,0.0235
C-P09-L1,column,P09,L,13.7244
PL-P09-L1,pile,P09,L,63.5544
C-P09-L2,column,P09,L,13.5707
PL-P09-L2,pile,P09,L,63.5544
TB-P09-L,tie,P09,L,5.1600
CAP-P09-R,cap,P09,R,46.8480
TS-R09-1b,temp_support,P09,R,0.0409
TS-R09-2b,temp_support,P09,R,0.0408
TS-R09-3b,temp_support,P09,R,0.0409
TS-R09-4b,temp_support,P09,R,0.0408
TS-R09-5b,temp_support,P09,R,0.0409
TS-R10-1a,temp_support,P09,R,0.0387
TS-R10-2a,temp_support,P09,R,0.0387
TS-R10-3a,temp_support,P09,R,0.0389
TS-R10-4a,temp_support,P09,R,0.0391
TS-R10-5a,temp_support,P09,R,0.0392
S-P09-R1,seat,P09,R,0.0960
B-P09-R1,bearing,P09,R,0.0235
S-P09-R2,seat,P09,R,0.0962
B-P09-R2,bearing,P09,R,0.0235
S-P09-R3,seat,P09,R,0.0963
B-P09-R3,bearing,P09,R,0.0235
S-P09-R4,seat,P09,R,0.0965
B-P09-R4,bearing,P09,R,0.0235
S-P09-R5,seat,P09,R,0.0967
B-P09-R5,bearing,P09,R,0.0235
C-P09-R1,column,P09,R,14.0949
PL-P09-R1,pile,P09,R,63.5544
C-P09-R2,column,P09,R,13.9412
PL-P09-R2,pile,P09,R,63.5544
TB-P09-R,tie,P09,R,5.1600
CAP-P10-L,cap,P10,L,46.8480
TS-L10-1b,temp_support,P10,L,0.0412
TS-L10-2b,temp_support,P10,L,0.0411
TS-L10-3b,temp_support,P10,L,0.0412
TS-L10-4b,temp_support,P10,L,0.0411
TS-L10-5b,temp_support,P10,L,0.0410
TS-L11-1a,temp_support,P10,L,0.0384
TS-L11-2a,temp_support,P10,L,0.0385
TS-L11-3a,temp_support,P10,L,0.0386
TS-L11-4a,temp_support,P10,L,0.0384
TS-L11-5a,temp_support,P10,L,0.0385
S-P10-L1,seat,P10,L,0.0960
B-P10-L1,bearing,P10,L,0.0235
S-P10-L2,seat,P10,L,0.0960
B-P10-L2,bearing,P10,L,0.0235
S-P10-L3,seat,P10,L,0.0960
B-P10-L3,bearing,P10,L,0.0235
S-P10-L4,seat,P10,L,0.0960
B-P10-L4,bearing,P10,L,0.0235
S-P10-L5,seat,P10,L,0.0960
B-P10-L5,bearing,P10,L,0.0235
C-P10-L1,column,P10,L,8.9396
PL-P10-L1,pile,P10,L,63.5544
C-P10-L2,column,P10,L,8.7858
PL-P10-L2,pile,P10,L,63.5544
TB-P10-L,tie,P10,L,5.1600
CAP-P10-R,cap,P10,R,46.8480
TS-R10-1b,temp_support,P10,R,0.0413
TS-R10-2b,temp_support,P10,R,0.0414
TS-R10-3b,temp_support,P10,R,0.0411
TS-R10-4b,temp_support,P10,R,0.0409
TS-R10-5b,temp_support,P10,R,0.0409
TS-R11-1a,temp_support,P10,R,0.0381
TS-R11-2a,temp_support,P10,R,0.0383
TS-R11-3a,temp_support,P10,R,0.0386
TS-R11-4a,temp_support,P10,R,0.0388
TS-R11-5a,temp_support,P10,R,0.0387
S-P10-R1,seat,P10,R,0.0960
B-P10-R1,bearing,P10,R,0.0235
S-P10-R2,seat,P10,R,0.0960
B-P10-R2,bearing,P10,R,0.0235
S-P10-R3,seat,P10,R,0.0960
B-P10-R3,bearing,P10,R,0.0235
S-P10-R4,seat,P10,R,0.0961
B-P10-R4,bearing,P10,R,0.0235
S-P10-R5,seat,P10,R,0.0960
B-P10-R5,bearing,P10,R,0.0235
C-P10-R1,column,P10,R,9.3105
PL-P10-R1,pile,P10,R,63.5544
C-P10-R2,column,P10,R,9.1568
PL-P10-R2,pile,P10,R,63.5544
TB-P10-R,tie,P10,R,5.1600
CAP-P11-L,cap,P11,L,46.8480
TS-L11-1b,temp_support,P11,L,0.0415
TS-L11-2b,temp_support,P11,L,0.0413
TS-L11-3b,temp_support,P11,L,0.0412
TS-L11-4b,temp_support,P11,L,0.0414
TS-L11-5b,temp_support,P11,L,0.0413
TS-L12-1a,temp_support,P11,L,0.0382
TS-L12-2a,temp_support,P11,L,0.0383
TS-L12-3a,temp_support,P11,L,0.0384
TS-L12-4a,temp_support,P11,L,0.0385
TS-L12-5a,temp_support,P11,L,0.0383
S-P11-L1,seat,P11,L,0.0960
B-P11-L1,bearing,P11,L,0.0235
S-P11-L2,seat,P11,L,0.0960
B-P11-L2,bearing,P11,L,0.0235
S-P11-L3,seat,P11,L,0.0960
B-P11-L3,bearing,P11,L,0.0235
S-P11-L4,seat,P11,L,0.0960
B-P11-L4,bearing,P11,L,0.0235
S-P11-L5,seat,P11,L,0.0960
B-P11-L5,bearing,P11,L,0.0235
C-P11-L1,column,P11,L,4.9567
PL-P11-L1,pile,P11,L,63.5544
C-P11-L2,column,P11,L,4.8030
PL-P11-L2,pile,P11,L,63.5544
TB-P11-L,tie,P11,L,5.1600
CAP-P11-R,cap,P11,R,46.8480
TS-R11-1b,temp_support,P11,R,0.0417
TS-R11-2b,temp_support,P11,R,0.0415
TS-R11-3b,temp_support,P11,R,0.0412
TS-R11-4b,temp_support,P11,R,0.0410
TS-R11-5b,temp_support,P11,R,0.0411
TS-R12-1a,temp_support,P11,R,0.0379
TS-R12-2a,temp_support,P11,R,0.0381
TS-R12-3a,temp_support,P11,R,0.0384
TS-R12-4a,temp_support,P11,R,0.0386
TS-R12-5a,temp_support,P11,R,0.0388
S-P11-R1,seat,P11,R,0.0960
B-P11-R1,bearing,P11,R,0.0235
S-P11-R2,seat,P11,R,0.0960
B-P11-R2,bearing,P11,R,0.0235
S-P11-R3,seat,P11,R,0.0960
B-P11-R3,bearing,P11,R,0.0235
S-P11-R4,seat,P11,R,0.0960
B-P11-R4,bearing,P11,R,0.0235
S-P11-R5,seat,P11,R,0.0960
B-P11-R5,bearing,P11,R,0.0235
C-P11-R1,column,P11,R,5.3276
PL-P11-R1,pile,P11,R,63.5544
C-P11-R2,column,P11,R,5.1739
PL-P11-R2,pile,P11,R,63.5544
TB-P11-R,tie,P11,R,5.1600
ABC-A12-L,abut_cap,A12,L,27.8160
BW-A12-L,backwall,A12,L,14.7778
S-L12-1b,seat,A12,L,0.0542
B-L12-1b,bearing,A12,L,0.0074
S-L12-2b,seat,A12,L,0.0542
B-L12-2b,bearing,A12,L,0.0074
S-L12-3b,seat,A12,L,0.0541
B-L12-3b,bearing,A12,L,0.0074
S-L12-4b,seat,A12,L,0.0541
B-L12-4b,bearing,A12,L,0.0074
S-L12-5b,seat,A12,L,0.0540
B-L12-5b,bearing,A12,L,0.0074
PL-A12-L1,pile,A12,L,35.3429
PL-A12-L2,pile,A12,L,35.3429
ABC-A12-R,abut_cap,A12,R,27.8160
BW-A12-R,backwall,A12,R,14.7827
S-R12-1b,seat,A12,R,0.0547
B-R12-1b,bearing,A12,R,0.0074
S-R12-2b,seat,A12,R,0.0546
B-R12-2b,bearing,A12,R,0.0074
S-R12-3b,seat,A12,R,0.0544
B-R12-3b,bearing,A12,R,0.0074
S-R12-4b,seat,A12,R,0.0542
B-R12-4b,bearing,A12,R,0.0074
S-R12-5b,seat,A12,R,0.0540
B-R12-5b,bearing,A12,R,0.0074
PL-A12-R1,pile,A12,R,35.3429
PL-A12-R2,pile,A12,R,35.3429
